LOCATION CATEGORY,ADMINISTRATIVE DISTRICT,STH REMOVALS,STH PRINCIPAL,STH SUPERINTENDENT,STH EXPULSIONS,NON-STH REMOVALS,NON-STH PRINCIPAL,NON-STH SUPERINTENDENT,NON-STH EXPULSIONS
Elementary,1,*,*,*,*,*,*,*,*
Elementary,1,*,*,*,*,*,*,*,*
Elementary,1,*,*,*,*,11,*,*,*
K-8,1,8,6,*,*,18,17,11,*
Elementary,1,27,7,*,*,16,*,*,*
Elementary,1,*,*,*,*,*,*,*,*
Elementary,1,*,*,*,*,*,*,*,*
Elementary,1,*,*,*,*,*,*,*,*
Elementary,1,*,*,*,*,*,*,*,*
K-8,1,*,*,*,*,*,*,*,*
Elementary,1,*,*,*,*,*,*,*,*
K-8,1,*,*,*,*,*,*,*,*
K-8,1,*,10,6,*,6,12,13,*
Secondary School,1,*,*,*,*,*,13,*,*
Junior High-Intermediate-Middle,1,*,*,*,*,*,*,*,*
Elementary,1,*,*,*,*,*,*,*,*
Junior High-Intermediate-Middle,1,*,*,*,*,6,6,8,*
Junior High-Intermediate-Middle,1,14,7,*,*,16,7,*,*
Elementary,1,*,*,*,*,*,*,*,*
Elementary,1,*,*,*,*,*,*,*,*
Elementary,1,*,*,*,*,*,*,*,*
Junior High-Intermediate-Middle,1,*,*,*,*,*,8,*,*
Central-HQ-Citywide,1,*,*,*,*,*,*,*,*
High school,1,*,*,*,*,*,12,10,*
Secondary School,1,*,*,*,*,*,6,9,*
High school,1,*,*,*,*,*,*,*,*
High school,1,*,7,*,*,*,20,16,*
High school,1,*,*,*,*,*,*,*,*
K-12 all grades,1,*,*,*,*,*,14,*,*
High school,1,*,*,*,*,*,*,*,*
High school,1,*,*,*,*,*,*,*,*
Junior High-Intermediate-Middle,1,*,*,*,*,*,*,*,*
Elementary,2,*,*,*,*,*,*,*,*
Elementary,2,*,*,*,*,*,*,*,*
Elementary,2,*,*,*,*,*,*,*,*
Elementary,2,*,*,*,*,16,6,*,*
Elementary,2,*,*,*,*,*,*,*,*
Elementary,2,*,*,*,*,*,*,*,*
Elementary,2,*,*,*,*,6,*,*,*
Elementary,2,*,*,*,*,*,*,*,*
Elementary,2,*,*,*,*,*,*,*,*
High school,2,*,*,*,*,*,8,*,*
Elementary,2,*,*,*,*,*,*,*,*
Elementary,2,*,*,*,*,9,*,*,*
Elementary,2,*,*,*,*,*,*,*,*
Elementary,2,*,*,*,*,*,*,*,*
Junior High-Intermediate-Middle,2,*,*,*,*,14,48,*,*
Elementary,2,*,*,*,*,15,*,*,*
Junior High-Intermediate-Middle,2,*,*,*,*,*,*,*,*
Elementary,2,*,*,*,*,*,*,*,*
Elementary,2,*,*,*,*,22,6,*,*
K-8,2,*,*,*,*,*,6,*,*
Elementary,2,*,*,*,*,*,*,*,*
Junior High-Intermediate-Middle,2,*,6,*,*,*,21,*,*
High school,2,*,*,*,*,23,41,6,*
High school,2,*,*,*,*,*,34,*,*
Elementary,2,*,*,*,*,*,*,*,*
Elementary,2,*,*,*,*,11,*,*,*
Elementary,2,*,*,*,*,8,*,*,*
Junior High-Intermediate-Middle,2,*,*,*,*,*,34,8,*
Junior High-Intermediate-Middle,2,*,*,*,*,*,*,*,*
Elementary,2,*,*,*,*,*,6,*,*
Elementary,2,*,*,*,*,7,*,*,*
Elementary,2,*,*,*,*,*,*,*,*
K-8,2,*,*,*,*,44,21,*,*
K-8,2,*,*,*,*,*,*,*,*
Elementary,2,*,*,*,*,*,*,*,*
Junior High-Intermediate-Middle,2,*,*,*,*,*,*,*,*
Secondary School,2,*,*,*,*,*,*,*,*
Elementary,2,*,*,*,*,*,*,*,*
K-8,2,*,*,*,*,*,*,*,*
High school,2,*,*,*,*,*,13,*,*
Elementary,2,*,*,*,*,*,*,*,*
High school,2,*,*,*,*,*,43,7,*
High school,2,*,*,*,*,*,49,11,*
Junior High-Intermediate-Middle,2,*,*,*,*,*,9,*,*
Elementary,2,*,*,*,*,*,*,*,*
High school,2,*,*,*,*,*,*,7,*
High school,2,*,11,*,*,*,56,*,*
High school,2,*,*,*,*,*,12,*,*
High school,2,*,*,*,*,*,*,7,*
High school,2,*,*,*,*,*,11,*,*
High school,2,*,14,*,*,8,65,18,*
High school,2,*,6,*,*,*,36,*,*
Junior High-Intermediate-Middle,2,*,*,*,*,18,*,*,*
High school,2,*,*,*,*,*,*,*,*
High school,2,*,*,*,*,11,17,21,*
Elementary,2,*,*,*,*,*,*,*,*
Elementary,2,*,*,*,*,*,*,*,*
K-8,2,*,*,*,*,9,*,*,*
High school,2,*,7,*,*,*,33,15,*
High school,2,*,*,*,*,*,12,*,*
District Pre-K Center,2,*,*,*,*,*,*,*,*
High school,2,*,*,*,*,*,*,*,*
High school,2,*,*,*,*,8,65,7,*
High school,2,*,*,*,*,*,*,*,*
K-8,2,*,*,*,*,*,*,*,*
High school,2,*,*,*,*,*,13,10,*
High school,2,*,*,*,*,*,37,34,*
Secondary School,2,*,*,*,*,*,*,*,*
Secondary School,2,*,*,*,*,*,*,*,*
High school,2,*,*,*,*,*,12,*,*
High school,2,*,*,*,*,*,13,*,*
Secondary School,2,*,*,*,*,*,11,*,*
High school,2,*,*,*,*,*,16,*,*
High school,2,*,*,*,*,*,10,*,*
High school,2,*,*,*,*,*,11,*,*
High school,2,*,*,*,*,*,*,8,*
High school,2,*,*,*,*,*,*,*,*
Secondary School,2,*,*,*,*,17,50,15,*
High school,2,*,*,*,*,*,*,*,*
High school,2,*,7,*,*,*,21,*,*
High school,2,*,*,*,*,*,51,6,*
High school,2,*,18,*,*,*,118,8,*
High school,2,*,6,*,*,*,14,*,*
High school,2,*,*,*,*,11,13,*,*
K-8,2,*,*,*,*,*,*,*,*
Central-HQ-Citywide,2,*,*,*,*,*,*,*,*
High school,2,*,*,*,*,*,14,6,*
High school,2,*,*,*,*,*,*,*,*
High school,2,*,*,*,*,*,*,*,*
High school,2,*,*,*,*,*,38,13,*
High school,2,*,*,*,*,*,16,*,*
High school,2,*,*,*,*,*,*,*,*
High school,2,*,*,*,*,6,36,7,*
High school,2,*,*,*,*,*,10,*,*
High school,2,*,*,*,*,*,7,6,*
Elementary,2,*,*,*,*,*,*,*,*
High school,2,9,10,*,*,51,95,31,*
High school,2,*,*,*,*,*,*,*,*
High school,2,*,*,*,*,*,*,*,*
High school,2,*,*,*,*,*,29,10,*
High school,2,*,*,*,*,*,*,*,*
High school,2,*,*,6,*,*,*,17,*
High school,2,*,*,*,*,*,15,*,*
High school,2,*,*,*,*,*,*,*,*
High school,2,*,*,*,*,*,21,7,*
High school,2,*,*,*,*,*,12,*,*
High school,2,*,*,*,*,*,30,10,*
High school,2,*,*,*,*,*,*,*,*
High school,2,*,*,*,*,*,*,*,*
High school,2,*,*,*,*,*,*,*,*
High school,2,*,*,*,*,*,7,*,*
High school,2,*,6,8,*,*,26,26,*
High school,2,*,*,*,*,*,19,*,*
High school,2,*,*,*,*,*,26,6,*
High school,2,*,*,*,*,*,*,*,*
High school,2,*,*,*,*,*,20,*,*
High school,2,*,*,*,*,*,*,*,*
High school,2,*,13,*,*,*,47,6,*
Secondary School,2,*,*,*,*,*,*,*,*
Junior High-Intermediate-Middle,2,*,*,*,*,*,*,*,*
Junior High-Intermediate-Middle,2,*,*,*,*,*,*,*,*
Ungraded,2,*,*,*,*,*,*,*,*
Junior High-Intermediate-Middle,2,*,*,*,*,*,10,*,*
High school,2,*,*,*,*,*,*,*,*
Elementary,3,*,*,*,*,17,*,*,*
Junior High-Intermediate-Middle,3,*,*,*,*,35,24,*,*
Elementary,3,*,*,*,*,*,*,*,*
K-8,3,*,*,*,*,*,*,*,*
Elementary,3,7,*,*,*,18,*,*,*
Elementary,3,*,*,*,*,*,*,*,*
Elementary,3,*,*,*,*,*,*,*,*
K-8,3,*,*,*,*,12,10,*,*
Elementary,3,*,*,*,*,*,*,*,*
K-8,3,11,*,*,*,32,9,7,*
Elementary,3,*,*,*,*,*,*,*,*
K-8,3,*,*,*,*,17,10,*,*
Early Childhood,3,*,*,*,*,*,*,*,*
K-8,3,*,*,*,*,12,*,*,*
Elementary,3,*,*,*,*,*,*,*,*
Elementary,3,*,*,*,*,*,*,*,*
Elementary,3,*,*,*,*,*,*,*,*
Elementary,3,*,*,*,*,*,*,*,*
Junior High-Intermediate-Middle,3,*,*,*,*,*,*,*,*
Junior High-Intermediate-Middle,3,*,*,*,*,*,*,*,*
Junior High-Intermediate-Middle,3,*,*,*,*,*,*,*,*
Junior High-Intermediate-Middle,3,*,*,*,*,*,*,*,*
Junior High-Intermediate-Middle,3,*,*,*,*,35,22,19,*
Junior High-Intermediate-Middle,3,*,*,*,*,17,27,10,*
Secondary School,3,*,*,*,*,*,*,*,*
High school,3,*,8,*,*,6,36,15,*
High school,3,*,*,*,*,*,67,15,*
K-8,3,*,*,*,*,27,10,*,*
K-8,3,*,*,*,*,*,*,*,*
High school,3,8,7,*,*,55,107,14,*
High school,3,*,*,*,*,*,15,*,*
High school,3,*,*,*,*,*,22,*,*
Secondary School,3,*,10,*,*,*,17,9,*
High school,3,*,*,*,*,*,*,*,*
Junior High-Intermediate-Middle,3,*,7,*,*,20,12,10,*
Central-HQ-Citywide,3,*,*,*,*,*,*,*,*
Elementary,3,*,*,*,*,*,*,*,*
High school,3,*,*,*,*,*,*,*,*
High school,3,*,*,*,*,*,7,*,*
High school,3,*,*,*,*,*,18,8,*
High school,3,*,17,*,*,*,97,27,*
High school,3,*,*,*,*,*,*,*,*
High school,3,*,*,*,*,*,*,*,*
K-12 all grades,3,*,*,*,*,*,*,*,*
Secondary School,3,*,31,10,*,9,93,29,*
Junior High-Intermediate-Middle,3,*,*,*,*,*,6,*,*
K-8,4,*,*,*,*,*,*,*,*
K-8,4,*,*,*,*,*,*,*,*
Elementary,4,*,*,*,*,6,11,*,*
Elementary,4,*,13,*,*,7,13,6,*
K-8,4,*,*,*,*,*,7,6,*
K-8,4,*,*,*,*,7,*,*,*
K-8,4,*,*,*,*,*,9,*,*
Elementary,4,*,*,*,*,*,*,*,*
K-8,4,*,*,*,*,35,26,17,*
Elementary,4,*,*,*,*,6,6,*,*
K-8,4,11,*,*,*,32,13,8,*
Early Childhood,4,*,*,*,*,*,*,*,*
Elementary,4,10,*,*,*,21,*,*,*
Elementary,4,*,*,*,*,*,*,*,*
K-8,4,*,*,*,*,14,13,8,*
Elementary,4,*,*,*,*,10,*,*,*
K-8,4,*,*,*,*,20,32,7,*
Junior High-Intermediate-Middle,4,*,8,*,*,*,14,*,*
Secondary School,4,*,*,*,*,*,15,*,*
Elementary,4,*,*,*,*,*,*,*,*
Junior High-Intermediate-Middle,4,*,*,8,*,8,13,22,*
Junior High-Intermediate-Middle,4,*,*,*,*,*,8,7,*
Junior High-Intermediate-Middle,4,*,*,*,*,*,*,*,*
High school,4,*,*,*,*,*,54,14,*
High school,4,*,*,*,*,*,18,7,*
Central-HQ-Citywide,4,*,*,*,*,*,*,*,*
High school,4,*,*,*,*,*,6,*,*
Elementary,4,*,*,*,*,*,*,*,*
High school,4,*,*,*,*,*,*,*,*
Secondary School,4,*,*,*,*,*,13,*,*
High school,4,*,18,*,*,9,74,*,*
Junior High-Intermediate-Middle,4,*,10,*,*,12,44,13,*
K-8,4,*,*,*,*,*,*,*,*
Elementary,5,*,*,*,*,6,*,*,*
Elementary,5,*,*,*,*,*,*,*,*
K-8,5,*,6,*,*,20,9,14,*
Elementary,5,*,*,*,*,*,7,*,*
K-8,5,*,6,6,*,9,*,8,*
Elementary,5,*,*,*,*,*,*,*,*
K-8,5,*,*,*,*,*,*,*,*
Elementary,5,*,*,*,*,*,6,*,*
Secondary School,5,*,*,*,*,*,*,11,*
Elementary,5,*,*,*,*,*,*,*,*
High school,5,*,10,*,*,*,52,11,*
K-8,5,*,*,*,*,*,21,*,*
Elementary,5,*,*,*,*,*,*,*,*
Elementary,5,7,*,*,*,18,*,*,*
Elementary,5,*,*,*,*,*,*,*,*
Elementary,5,*,*,*,*,10,*,*,*
High school,5,*,*,*,*,*,*,*,*
Junior High-Intermediate-Middle,5,*,*,*,*,8,7,*,*
Junior High-Intermediate-Middle,5,*,*,*,*,*,7,9,*
High school,5,*,*,*,*,*,*,16,*
Elementary,5,*,*,*,*,*,*,*,*
Secondary School,5,*,*,*,*,9,*,*,*
High school,5,*,*,6,*,*,14,7,*
High school,5,*,*,*,*,*,22,14,*
Junior High-Intermediate-Middle,5,*,*,*,*,*,12,6,*
Central-HQ-Citywide,5,*,*,*,*,*,*,*,*
Secondary School,5,*,*,*,*,*,*,*,*
Secondary School,5,*,*,*,*,*,*,31,*
Junior High-Intermediate-Middle,5,*,*,*,*,*,*,8,*
Elementary,5,*,*,*,*,*,*,*,*
Secondary School,5,*,*,*,*,*,47,9,*
High school,5,*,*,*,*,*,*,*,*
High school,5,*,*,*,*,*,39,*,*
Elementary,6,*,*,*,*,15,*,*,*
Elementary,6,*,*,*,*,*,*,*,*
Elementary,6,*,*,*,*,14,6,11,*
K-8,6,*,*,*,*,*,7,6,*
Elementary,6,*,*,*,*,9,*,*,*
Elementary,6,*,*,*,*,26,*,*,*
Junior High-Intermediate-Middle,6,*,*,*,*,*,7,7,*
Elementary,6,*,*,*,*,22,*,*,*
Elementary,6,*,*,*,*,*,*,*,*
Elementary,6,*,*,*,*,*,*,*,*
Elementary,6,*,*,*,*,34,*,*,*
Elementary,6,7,*,*,*,9,*,*,*
Junior High-Intermediate-Middle,6,*,*,*,*,*,*,*,*
Elementary,6,*,*,*,*,*,*,*,*
Elementary,6,*,*,*,*,*,*,*,*
Elementary,6,*,*,*,*,*,*,*,*
Elementary,6,*,*,*,*,*,*,*,*
K-8,6,*,*,*,*,*,7,*,*
Elementary,6,*,*,*,*,*,*,*,*
Elementary,6,*,*,*,*,*,*,*,*
Junior High-Intermediate-Middle,6,*,*,*,*,*,*,*,*
K-8,6,*,*,*,*,13,*,*,*
High school,6,*,*,*,*,*,*,*,*
Junior High-Intermediate-Middle,6,*,*,*,*,*,*,*,*
Junior High-Intermediate-Middle,6,*,*,*,*,*,*,*,*
K-8,6,*,*,*,*,*,6,*,*
Secondary School,6,*,*,*,*,*,*,*,*
K-8,6,*,*,*,*,*,8,*,*
Elementary,6,*,*,*,*,*,*,*,*
Junior High-Intermediate-Middle,6,*,*,*,*,*,*,24,*
Junior High-Intermediate-Middle,6,*,9,6,*,*,14,11,*
Junior High-Intermediate-Middle,6,*,*,*,*,*,26,12,*
Elementary,6,*,*,*,*,*,*,*,*
Junior High-Intermediate-Middle,6,*,*,*,*,*,*,9,*
Junior High-Intermediate-Middle,6,*,*,*,*,*,*,7,*
Secondary School,6,*,14,7,*,*,62,24,*
K-12 all grades,6,*,8,*,*,9,37,6,*
Junior High-Intermediate-Middle,6,*,*,*,*,*,*,*,*
K-8,6,*,*,*,*,*,*,*,*
Elementary,6,*,*,*,*,*,*,*,*
High school,6,*,*,*,*,*,*,*,*
Central-HQ-Citywide,6,*,*,*,*,*,*,*,*
High school,6,*,*,*,*,*,*,*,*
High school,6,*,*,*,*,*,22,*,*
High school,6,*,*,*,*,*,*,*,*
High school,6,*,13,*,*,*,31,*,*
High school,6,*,6,*,*,*,16,*,*
Elementary,6,*,*,*,*,*,*,*,*
Elementary,8,*,*,*,*,*,*,*,*
Junior High-Intermediate-Middle,6,*,*,*,*,*,*,9,*
High school,6,6,*,*,*,13,32,42,*
High school,6,*,*,*,*,*,*,*,*
Elementary,7,*,*,*,*,*,*,*,*
K-8,7,*,*,*,*,*,*,*,*
Elementary,7,*,*,*,*,*,*,*,*
Elementary,7,*,*,*,*,*,*,*,*
K-8,7,8,*,*,*,45,12,14,*
Elementary,7,*,*,*,*,*,17,*,*
K-8,7,*,*,*,*,12,*,*,*
Elementary,7,10,*,*,*,8,*,*,*
Elementary,7,*,*,*,*,9,8,*,*
Elementary,7,6,*,*,*,7,*,*,*
Junior High-Intermediate-Middle,7,*,*,*,*,*,*,*,*
Elementary,7,*,*,*,*,*,*,*,*
Elementary,7,*,*,*,*,*,*,*,*
Elementary,7,8,*,*,*,7,*,*,*
Junior High-Intermediate-Middle,7,*,*,*,*,*,7,9,*
Elementary,7,*,*,*,*,*,*,*,*
Secondary School,7,*,*,*,*,*,19,*,*
Secondary School,7,*,*,*,*,*,14,*,*
Junior High-Intermediate-Middle,7,*,*,7,*,*,8,8,*
High school,7,*,19,*,*,*,48,12,*
Elementary,7,*,*,*,*,14,*,*,*
Junior High-Intermediate-Middle,7,*,*,*,*,*,*,*,*
Junior High-Intermediate-Middle,7,10,10,*,*,18,66,10,*
High school,7,*,*,*,*,*,8,6,*
High school,7,*,*,*,*,*,13,8,*
Junior High-Intermediate-Middle,7,*,*,*,*,37,22,*,*
Elementary,7,*,*,*,*,*,*,*,*
Elementary,7,9,*,*,*,16,*,*,*
High school,7,*,*,*,*,*,*,*,*
High school,7,*,*,*,*,*,*,*,*
Elementary,7,*,*,*,*,*,*,*,*
High school,7,*,*,*,*,*,31,7,*
Central-HQ-Citywide,7,*,*,*,*,*,*,*,*
High school,7,*,*,*,*,*,*,*,*
High school,7,*,8,*,*,16,71,19,*
High school,7,*,*,*,*,*,22,9,*
Secondary School,7,*,*,*,*,*,*,6,*
High school,7,*,*,*,*,8,18,*,*
High school,7,*,*,7,*,*,21,14,*
High school,7,*,*,*,*,*,45,7,*
District Pre-K Center,7,*,*,*,*,*,*,*,*
High school,7,*,6,6,*,*,32,26,*
High school,7,*,*,7,*,*,9,24,*
Secondary School,7,*,*,*,*,48,40,28,*
High school,7,*,*,*,*,*,*,*,*
High school,7,*,*,7,*,*,52,17,*
High school,7,*,*,*,*,11,36,17,*
Elementary,8,*,*,*,*,*,*,*,*
Elementary,8,*,*,*,*,*,*,*,*
Elementary,8,*,*,*,*,7,*,*,*
Elementary,8,*,*,*,*,*,*,*,*
K-8,8,*,*,*,*,24,*,*,*
Elementary,8,*,*,*,*,17,*,*,*
Elementary,8,*,*,*,*,6,*,*,*
Elementary,8,*,*,*,*,*,*,*,*
Elementary,8,*,*,*,*,*,*,*,*
Junior High-Intermediate-Middle,8,*,*,*,*,*,*,*,*
Elementary,8,*,*,*,*,*,*,*,*
Elementary,8,*,*,*,*,*,*,*,*
Junior High-Intermediate-Middle,8,*,*,21,*,*,*,18,*
Junior High-Intermediate-Middle,8,*,9,*,*,*,*,9,*
Elementary,8,*,*,*,*,*,9,*,*
Junior High-Intermediate-Middle,8,*,*,9,*,8,*,11,*
Elementary,8,*,*,*,*,*,*,*,*
Elementary,8,*,*,*,*,*,*,*,*
Elementary,8,*,*,*,*,*,*,*,*
Elementary,8,*,*,*,*,*,*,*,*
Elementary,8,*,*,*,*,*,*,10,*
Secondary School,8,*,8,*,*,7,30,13,*
High school,8,*,*,*,*,9,12,35,*
High school,8,*,9,*,*,*,54,14,*
Junior High-Intermediate-Middle,8,*,*,*,*,*,*,21,*
Junior High-Intermediate-Middle,8,6,*,6,*,6,9,19,*
Elementary,8,*,*,*,*,*,*,*,*
High school,8,*,31,*,*,*,115,*,*
High school,8,*,*,*,*,*,30,11,*
High school,8,*,13,*,*,*,71,7,*
High school,8,*,*,*,*,*,*,*,*
Elementary,8,*,*,*,*,*,*,*,*
Elementary,8,*,*,*,*,10,*,*,*
Junior High-Intermediate-Middle,8,11,*,*,*,40,30,14,*
High school,8,*,*,*,*,*,6,6,*
High school,8,8,15,*,*,66,45,*,*
Junior High-Intermediate-Middle,8,*,*,*,*,*,10,9,*
High school,8,*,*,*,*,15,84,21,*
Junior High-Intermediate-Middle,8,*,*,*,*,*,12,*,*
Junior High-Intermediate-Middle,8,*,*,*,*,*,*,*,*
Secondary School,8,*,*,*,*,*,52,7,*
High school,8,*,*,*,*,*,15,12,*
Elementary,8,*,*,*,*,*,*,*,*
High school,8,*,*,*,*,*,74,36,*
High school,8,*,*,*,*,*,*,*,*
Junior High-Intermediate-Middle,8,13,*,10,*,9,8,6,*
High school,8,*,*,*,*,*,26,*,*
Central-HQ-Citywide,8,*,*,*,*,*,*,*,*
Junior High-Intermediate-Middle,8,*,*,*,*,61,22,*,*
High school,8,*,*,*,*,*,*,*,*
Junior High-Intermediate-Middle,8,*,*,*,*,*,*,6,*
High school,8,*,*,*,*,*,*,*,*
High school,8,*,*,*,*,*,*,*,*
High school,8,*,*,*,*,*,8,*,*
High school,8,*,*,*,*,*,10,*,*
High school,8,*,*,*,*,68,60,*,*
High school,8,*,9,*,*,9,55,*,*
High school,8,*,*,*,*,*,6,10,*
Junior High-Intermediate-Middle,8,*,*,*,*,*,*,*,*
K-8,9,*,*,*,*,*,*,*,*
Elementary,9,*,*,*,*,*,*,*,*
Junior High-Intermediate-Middle,9,*,*,11,*,*,*,13,*
Elementary,9,*,*,*,*,*,*,*,*
Elementary,9,*,*,*,*,*,*,*,*
Elementary,9,*,*,*,*,*,7,*,*
Elementary,9,*,*,*,*,*,*,*,*
Elementary,9,*,*,*,*,*,*,*,*
Elementary,9,*,*,*,*,*,*,*,*
Elementary,9,*,*,*,*,*,*,*,*
Elementary,9,*,*,*,*,*,*,*,*
Elementary,9,8,*,*,*,43,7,*,*
Elementary,9,*,*,*,*,11,7,*,*
Elementary,9,*,*,*,*,*,*,*,*
Elementary,9,*,*,*,*,12,*,*,*
Elementary,9,*,*,*,*,*,*,*,*
Elementary,9,*,*,*,*,*,*,*,*
Junior High-Intermediate-Middle,9,*,8,*,*,7,15,12,*
Elementary,9,*,*,*,*,12,*,*,*
Junior High-Intermediate-Middle,9,*,*,*,*,*,*,*,*
Elementary,9,*,*,*,*,6,*,*,*
Junior High-Intermediate-Middle,9,*,*,*,*,*,*,*,*
Elementary,9,*,*,*,*,*,*,*,*
Early Childhood,9,*,*,*,*,*,*,*,*
Elementary,9,*,*,*,*,*,*,*,*
Elementary,9,*,*,*,*,*,*,*,*
Junior High-Intermediate-Middle,9,*,*,*,*,*,19,*,*
K-8,9,*,*,*,*,*,12,*,*
Junior High-Intermediate-Middle,9,*,*,7,*,*,11,8,*
High school,9,*,*,*,*,*,*,*,*
Junior High-Intermediate-Middle,9,*,*,*,*,8,*,*,*
Elementary,9,*,*,*,*,*,*,*,*
Secondary School,9,*,*,*,*,*,10,11,*
Junior High-Intermediate-Middle,9,*,*,*,*,*,13,16,*
Elementary,9,*,*,*,*,*,*,*,*
Secondary School,9,*,*,*,*,*,12,9,*
High school,9,*,*,*,*,*,*,17,*
High school,9,*,*,*,*,*,69,17,*
High school,9,*,*,*,*,*,*,*,*
High school,9,*,*,*,*,*,25,17,*
Elementary,9,*,*,*,*,*,*,*,*
High school,9,*,*,*,*,*,13,6,*
Elementary,9,*,*,*,*,*,*,*,*
High school,9,*,*,*,*,*,16,6,*
Junior High-Intermediate-Middle,9,*,*,*,*,*,*,*,*
Elementary,9,*,*,*,*,*,*,*,*
Junior High-Intermediate-Middle,9,*,*,*,*,*,*,*,*
Junior High-Intermediate-Middle,9,*,*,8,*,*,14,15,*
Secondary School,9,*,*,*,*,44,49,15,*
Junior High-Intermediate-Middle,9,*,7,*,*,*,*,*,*
Secondary School,9,*,6,*,*,8,77,29,*
Junior High-Intermediate-Middle,9,*,*,*,*,*,17,13,*
High school,9,*,*,*,*,*,12,*,*
Junior High-Intermediate-Middle,9,*,*,*,*,*,9,16,*
Secondary School,9,*,*,*,*,*,12,*,*
Junior High-Intermediate-Middle,9,*,*,*,*,*,20,*,*
High school,9,*,*,*,*,*,*,*,*
High school,9,*,*,*,*,*,11,*,*
High school,9,*,*,*,*,*,*,*,*
High school,9,*,*,*,*,*,21,7,*
Secondary School,9,*,*,*,*,*,25,*,*
High school,9,*,*,*,*,*,*,*,*
Elementary,9,*,*,*,*,*,*,*,*
Central-HQ-Citywide,9,*,*,*,*,*,*,*,*
Elementary,9,*,*,*,*,*,*,*,*
Junior High-Intermediate-Middle,9,*,*,*,*,*,*,*,*
Elementary,9,*,*,*,*,*,*,*,*
Secondary School,9,*,*,*,*,*,*,13,*
High school,9,*,*,*,*,*,*,13,*
High school,9,*,*,*,*,*,*,6,*
High school,9,*,*,*,*,*,*,*,*
Elementary,9,*,*,*,*,*,*,*,*
High school,9,*,9,*,*,*,15,*,*
Secondary School,9,*,*,*,*,*,*,*,*
District Pre-K Center,9,*,*,*,*,*,*,*,*
K-8,10,6,*,*,*,23,*,*,*
Elementary,10,*,*,*,*,*,*,*,*
Elementary,10,6,*,*,*,13,*,*,*
Elementary,10,*,6,*,*,*,12,*,*
K-8,10,*,*,*,*,*,*,*,*
K-8,10,*,*,*,*,*,19,*,*
Elementary,10,*,*,*,*,*,*,*,*
Elementary,10,*,*,*,*,*,*,*,*
Elementary,10,*,*,*,*,8,*,*,*
Elementary,10,*,*,*,*,*,*,*,*
K-8,10,*,*,*,*,18,17,*,*
Junior High-Intermediate-Middle,10,*,*,*,*,*,*,*,*
Elementary,10,9,*,*,*,29,*,*,*
Elementary,10,*,*,*,*,*,*,*,*
Elementary,10,*,*,*,*,*,*,*,*
Elementary,10,*,*,*,*,20,*,*,*
Elementary,10,*,*,*,*,*,*,*,*
Elementary,10,*,*,*,*,*,*,*,*
Junior High-Intermediate-Middle,10,*,*,*,*,*,*,22,*
Elementary,10,*,*,*,*,*,*,*,*
Elementary,10,12,*,*,*,12,*,*,*
Elementary,10,*,*,*,*,*,*,*,*
Elementary,10,*,*,*,*,8,*,*,*
Elementary,10,7,*,*,*,27,*,*,*
K-8,10,*,*,*,*,41,16,19,*
Junior High-Intermediate-Middle,10,*,*,*,*,*,*,*,*
Secondary School,10,*,*,*,*,*,47,8,*
Elementary,10,*,*,*,*,*,*,*,*
Elementary,10,*,*,*,*,10,12,*,*
Junior High-Intermediate-Middle,10,9,*,*,*,27,7,15,*
Early Childhood,10,*,*,*,*,*,*,*,*
Early Childhood,10,*,*,*,*,*,*,*,*
High school,10,*,*,*,*,*,*,*,*
Secondary School,10,*,15,*,*,20,104,19,*
Elementary,10,*,*,*,*,*,*,*,*
Junior High-Intermediate-Middle,10,*,*,*,*,6,24,*,*
High school,10,*,*,*,*,*,24,*,*
Secondary School,10,*,*,*,*,*,19,7,*
Junior High-Intermediate-Middle,10,*,10,*,*,24,42,17,*
Elementary,10,*,*,*,*,*,*,*,*
Junior High-Intermediate-Middle,10,*,*,*,*,6,11,11,*
High school,10,*,8,*,*,29,47,*,*
High school,10,*,*,*,*,*,*,*,*
K-8,10,26,*,*,*,62,23,*,*
K-8,10,*,*,*,*,*,11,*,*
High school,10,*,*,*,*,*,*,8,*
Elementary,10,*,*,*,*,*,*,*,*
Elementary,10,*,*,*,*,*,*,*,*
Elementary,10,*,*,*,*,*,*,*,*
Junior High-Intermediate-Middle,10,*,*,7,*,12,12,*,*
Elementary,10,*,*,*,*,*,*,*,*
K-8,10,*,*,*,*,*,*,*,*
High school,10,*,*,*,*,*,*,*,*
Junior High-Intermediate-Middle,10,*,14,*,*,*,12,6,*
Elementary,10,*,*,*,*,11,12,*,*
Secondary School,10,*,9,*,*,*,50,*,*
Elementary,10,*,*,*,*,13,*,*,*
High school,10,*,*,*,*,*,*,*,*
High school,10,*,*,*,*,25,32,*,*
Elementary,10,*,*,*,*,*,*,*,*
Junior High-Intermediate-Middle,10,*,*,*,*,*,6,18,*
Secondary School,10,*,*,*,*,20,47,10,*
High school,10,*,*,*,*,*,15,*,*
Elementary,10,*,*,*,*,*,*,*,*
Elementary,10,*,*,*,*,*,*,*,*
Junior High-Intermediate-Middle,10,*,*,*,*,*,*,19,*
Junior High-Intermediate-Middle,10,*,*,9,*,*,*,24,*
Elementary,10,*,*,*,*,*,*,*,*
High school,10,*,*,*,*,*,15,*,*
High school,10,*,*,*,*,12,22,20,*
High school,10,*,*,*,*,*,11,*,*
High school,10,*,*,*,*,*,*,*,*
High school,10,*,18,*,*,17,47,10,*
High school,10,*,6,*,*,*,30,*,*
High school,10,*,*,*,*,*,*,*,*
High school,10,*,*,*,*,*,16,*,*
Central-HQ-Citywide,10,*,*,*,*,*,*,*,*
High school,10,*,*,*,*,*,17,*,*
Junior High-Intermediate-Middle,10,*,*,*,*,*,*,*,*
Junior High-Intermediate-Middle,10,*,*,*,*,17,*,*,*
High school,10,*,*,*,*,*,21,*,*
High school,10,*,*,*,*,*,*,*,*
High school,10,*,*,*,*,*,*,*,*
High school,10,*,6,*,*,*,20,*,*
District Pre-K Center,10,*,*,*,*,*,*,*,*
High school,10,*,6,*,*,7,92,9,*
High school,10,*,*,*,*,*,6,*,*
High school,10,*,*,*,*,*,*,*,*
High school,10,*,*,*,*,*,*,*,*
High school,10,*,*,*,*,*,*,*,*
Ungraded,10,*,*,*,*,*,*,*,*
Ungraded,10,*,*,*,*,*,*,*,*
Elementary,11,8,*,*,*,21,*,*,*
K-8,11,*,*,*,*,8,8,*,*
Elementary,11,*,*,*,*,14,*,*,*
Elementary,11,*,*,*,*,*,*,*,*
Elementary,11,*,*,*,*,11,12,*,*
Elementary,11,26,*,*,*,35,*,*,*
Elementary,11,6,*,*,*,*,*,*,*
K-8,11,*,*,*,*,28,18,11,*
Elementary,11,*,*,*,*,*,*,*,*
K-8,11,*,*,*,*,11,*,*,*
Elementary,11,*,*,*,*,*,*,*,*
Elementary,11,*,*,*,*,*,*,*,*
Elementary,11,*,*,*,*,8,*,*,*
Elementary,11,*,*,*,*,*,*,*,*
Elementary,11,*,*,*,*,*,*,*,*
Elementary,11,*,*,*,*,13,*,*,*
Elementary,11,*,*,*,*,7,12,7,*
Elementary,11,*,*,*,*,*,*,*,*
Elementary,11,*,*,*,*,*,*,*,*
Junior High-Intermediate-Middle,11,*,*,*,*,*,*,*,*
Junior High-Intermediate-Middle,11,*,*,*,*,11,15,21,*
Elementary,11,*,*,*,*,39,16,*,*
Elementary,11,*,*,*,*,*,*,*,*
Elementary,11,*,*,*,*,22,*,*,*
K-8,11,*,*,*,*,*,*,*,*
Elementary,11,*,*,*,*,10,*,*,*
Junior High-Intermediate-Middle,11,9,*,*,*,33,*,*,*
Junior High-Intermediate-Middle,11,*,*,*,*,31,47,14,*
Elementary,11,6,*,*,*,10,*,*,*
K-8,11,*,*,*,*,*,*,*,*
High school,11,*,*,*,*,*,*,*,*
High school,11,*,10,*,*,*,64,11,*
High school,11,*,26,*,*,10,105,23,*
High school,11,*,6,*,*,*,53,10,*
Junior High-Intermediate-Middle,11,*,*,*,*,10,*,*,*
High school,11,*,*,*,*,15,44,7,*
Junior High-Intermediate-Middle,11,*,*,8,*,10,30,25,*
High school,11,*,*,*,*,*,47,14,*
Junior High-Intermediate-Middle,11,*,*,10,*,*,*,29,*
High school,11,*,*,*,*,8,28,7,*
High school,11,*,*,*,*,*,51,*,*
Junior High-Intermediate-Middle,11,*,*,*,*,*,*,9,*
Junior High-Intermediate-Middle,11,*,*,*,*,*,23,12,*
Elementary,11,*,*,*,*,*,*,*,*
Junior High-Intermediate-Middle,11,*,*,8,*,*,8,15,*
High school,11,*,*,*,*,*,*,*,*
High school,11,*,*,*,*,*,*,*,*
Central-HQ-Citywide,11,*,*,*,*,*,*,*,*
High school,11,*,*,*,*,*,*,13,*
Junior High-Intermediate-Middle,11,*,*,*,*,*,6,8,*
Junior High-Intermediate-Middle,11,*,*,*,*,*,6,11,*
Elementary,11,*,*,*,*,*,*,*,*
Elementary,11,*,*,*,*,*,*,*,*
K-8,11,*,*,*,*,33,24,*,*
High school,11,*,*,*,*,*,23,*,*
High school,11,*,6,*,*,*,28,*,*
High school,11,*,*,*,*,*,24,*,*
High school,11,*,8,*,*,*,46,*,*
Junior High-Intermediate-Middle,11,*,*,*,*,*,10,15,*
Junior High-Intermediate-Middle,11,9,*,*,*,18,7,*,*
District Pre-K Center,11,*,*,*,*,*,*,*,*
High school,11,*,*,*,*,*,*,*,*
High school,11,*,*,*,*,14,29,6,*
High school,11,*,15,*,*,21,117,27,*
Junior High-Intermediate-Middle,11,*,*,*,*,*,*,*,*
Junior High-Intermediate-Middle,11,*,*,*,*,20,16,15,*
Elementary,11,*,*,*,*,*,*,*,*
Ungraded,11,*,*,*,*,*,*,*,*
Elementary,12,*,*,*,*,*,8,*,*
Elementary,12,*,*,*,*,*,*,*,*
Elementary,12,*,*,*,*,*,*,*,*
Elementary,12,*,*,*,*,*,*,*,*
Elementary,12,*,*,*,*,*,*,*,*
Elementary,12,*,*,*,*,*,*,*,*
Elementary,12,*,*,*,*,6,6,*,*
Elementary,12,6,*,*,*,*,7,9,*
Elementary,12,*,*,*,*,6,*,*,*
Junior High-Intermediate-Middle,12,*,*,*,*,28,40,*,*
Junior High-Intermediate-Middle,12,*,*,*,*,*,*,9,*
Elementary,12,*,*,*,*,*,*,*,*
Elementary,12,*,*,*,*,35,*,*,*
Junior High-Intermediate-Middle,12,*,*,*,*,*,*,*,*
Elementary,12,*,*,*,*,9,*,*,*
Elementary,12,8,*,*,*,16,*,*,*
K-8,12,*,*,*,*,39,7,*,*
K-8,12,*,*,*,*,*,*,*,*
K-8,12,*,*,*,*,23,17,15,*
Junior High-Intermediate-Middle,12,*,*,7,*,*,6,13,*
Secondary School,12,*,*,*,*,20,47,*,*
High school,12,*,13,*,*,9,70,11,*
High school,12,*,7,*,*,*,13,7,*
Secondary School,12,*,17,*,*,*,120,12,*
Secondary School,12,*,*,*,*,*,*,*,*
Junior High-Intermediate-Middle,12,*,*,*,*,*,18,20,*
High school,12,*,*,*,*,*,22,*,*
Junior High-Intermediate-Middle,12,*,6,8,*,*,7,8,*
Elementary,12,*,*,*,*,*,*,*,*
Elementary,12,*,*,*,*,*,*,*,*
Junior High-Intermediate-Middle,12,*,*,*,*,*,*,*,*
Junior High-Intermediate-Middle,12,*,*,*,*,*,8,13,*
Junior High-Intermediate-Middle,12,*,*,*,*,*,7,*,*
Secondary School,12,*,*,*,*,*,27,10,*
Junior High-Intermediate-Middle,12,*,*,*,*,*,7,*,*
Junior High-Intermediate-Middle,12,15,*,*,*,22,*,*,*
High school,12,*,*,*,*,*,*,*,*
High school,12,*,*,*,*,*,*,*,*
Central-HQ-Citywide,12,*,*,*,*,*,*,*,*
High school,12,*,*,*,*,*,16,*,*
Elementary,12,*,*,*,*,*,*,*,*
Elementary,12,*,*,*,*,*,*,*,*
High school,12,*,*,*,*,*,8,*,*
High school,12,*,13,*,*,*,76,*,*
High school,12,*,*,*,*,*,39,*,*
High school,12,*,7,*,*,*,47,12,*
High school,12,*,*,7,*,*,48,20,*
Elementary,12,*,*,*,*,16,*,*,*
Elementary,12,*,*,*,*,*,*,*,*
High school,12,*,*,*,*,*,*,*,*
High school,12,*,*,*,*,*,*,*,*
High school,12,*,*,*,*,*,20,25,*
Elementary,12,*,*,*,*,*,*,*,*
High school,12,*,6,*,*,*,42,7,*
Elementary,13,*,*,*,*,*,*,*,*
K-8,13,*,*,*,*,*,7,*,*
Elementary,13,*,*,*,*,*,*,*,*
Elementary,13,*,*,*,*,*,14,*,*
Elementary,13,*,*,*,*,12,8,*,*
Elementary,13,*,*,*,*,*,*,*,*
Elementary,13,*,*,*,*,*,*,*,*
Elementary,13,*,*,*,*,6,*,*,*
Elementary,13,*,*,*,*,*,*,*,*
Elementary,13,*,*,*,*,*,*,*,*
Elementary,13,*,*,*,*,*,*,*,*
Junior High-Intermediate-Middle,13,*,*,14,*,*,31,28,*
Elementary,13,*,*,*,*,*,*,*,*
Elementary,13,*,*,*,*,*,*,*,*
Secondary School,13,*,9,*,*,*,26,*,*
Junior High-Intermediate-Middle,13,*,*,*,*,*,*,*,*
Elementary,13,*,*,*,*,*,*,*,*
K-8,13,*,17,10,*,21,41,17,*
Elementary,13,*,*,*,*,*,*,*,*
Junior High-Intermediate-Middle,13,*,*,*,*,*,8,*,*
Elementary,13,*,*,*,*,*,*,*,*
Elementary,13,*,*,*,*,*,*,*,*
Junior High-Intermediate-Middle,13,*,*,*,*,*,*,*,*
High school,13,*,*,*,*,*,9,13,*
Junior High-Intermediate-Middle,13,*,*,*,*,11,11,13,*
High school,13,*,*,*,*,*,*,*,*
High school,13,*,*,*,*,*,*,8,*
High school,13,*,*,*,*,*,59,14,*
High school,13,*,*,*,*,*,*,*,*
Central-HQ-Citywide,13,*,*,*,*,*,*,*,*
High school,13,*,*,*,*,*,21,*,*
K-8,13,*,*,*,*,*,*,*,*
High school,13,*,*,6,*,*,18,17,*
Secondary School,13,*,*,*,*,*,24,6,*
High school,13,*,*,*,*,*,*,*,*
High school,13,*,*,*,*,*,*,*,*
High school,13,*,*,*,*,*,*,*,*
Junior High-Intermediate-Middle,13,*,*,*,*,*,*,*,*
High school,13,*,13,*,*,*,94,22,*
High school,13,*,*,*,*,*,9,10,*
High school,13,*,*,*,*,*,*,*,*
High school,13,*,*,*,*,*,*,*,*
High school,13,*,*,*,*,*,21,9,*
Junior High-Intermediate-Middle,13,6,*,*,*,18,41,14,*
District Pre-K Center,13,*,*,*,*,*,*,*,*
Ungraded,13,*,*,*,*,*,*,*,*
Ungraded,13,*,*,*,*,*,*,*,*
Elementary,14,*,*,*,*,*,*,*,*
Elementary,14,*,*,*,*,*,*,*,*
Elementary,14,*,*,*,*,*,*,*,*
Elementary,14,*,*,*,*,*,*,*,*
Elementary,14,*,*,*,*,*,*,*,*
Elementary,14,*,*,*,*,*,*,*,*
Junior High-Intermediate-Middle,14,*,*,*,*,*,*,*,*
Elementary,14,*,*,*,*,*,*,*,*
Secondary School,14,*,10,*,*,56,86,10,*
K-8,14,*,*,*,*,*,*,6,*
Elementary,14,*,*,*,*,*,*,*,*
Elementary,14,*,*,*,*,*,*,*,*
Junior High-Intermediate-Middle,14,*,*,*,*,*,15,16,*
Elementary,14,*,*,*,*,*,11,*,*
Elementary,14,*,*,*,*,*,*,*,*
K-8,14,*,*,*,*,*,*,8,*
Elementary,14,*,*,*,*,*,*,*,*
Elementary,14,*,*,*,*,*,*,*,*
Elementary,14,*,*,*,*,*,*,*,*
Elementary,14,*,*,*,*,*,*,*,*
Junior High-Intermediate-Middle,14,6,7,*,*,90,121,72,*
Early Childhood,14,*,*,*,*,*,*,*,*
High school,14,*,*,*,*,*,19,12,*
Junior High-Intermediate-Middle,14,*,*,*,*,*,*,*,*
Elementary,14,*,*,*,*,*,*,*,*
Elementary,14,*,*,*,*,*,6,*,*
Central-HQ-Citywide,14,*,*,*,*,*,*,*,*
High school,14,*,*,*,*,*,*,*,*
High school,14,*,*,*,*,*,10,*,*
High school,14,*,7,*,*,*,52,20,*
High school,14,*,16,*,*,*,51,18,*
High school,14,*,*,*,*,*,*,*,*
High school,14,*,*,*,*,*,51,16,*
High school,14,*,8,*,*,*,87,22,*
High school,14,*,*,*,*,*,30,*,*
Junior High-Intermediate-Middle,14,*,*,*,*,*,*,*,*
Junior High-Intermediate-Middle,14,*,*,*,*,*,*,*,*
Secondary School,14,*,6,*,*,*,12,12,*
High school,14,*,8,*,*,*,36,16,*
Secondary School,14,*,*,*,*,19,21,18,*
High school,14,*,*,*,*,12,23,14,*
High school,14,*,*,*,*,6,*,*,*
High school,14,*,*,*,*,*,*,*,*
Elementary,15,*,*,*,*,*,*,*,*
Elementary,15,*,*,*,*,*,*,*,*
Elementary,15,*,*,*,*,*,*,*,*
Elementary,15,*,*,*,*,*,*,*,*
Elementary,15,*,*,*,*,28,*,6,*
Elementary,15,*,*,*,*,14,*,*,*
Elementary,15,*,*,*,*,*,*,*,*
Elementary,15,*,*,*,*,*,*,*,*
Junior High-Intermediate-Middle,15,*,*,*,*,*,10,*,*
Elementary,15,*,*,*,*,*,*,*,*
Junior High-Intermediate-Middle,15,*,*,*,*,*,*,18,*
Elementary,15,*,*,*,*,*,*,*,*
Elementary,15,*,*,*,*,*,*,*,*
Elementary,15,*,*,*,*,*,*,*,*
Elementary,15,*,*,*,*,*,*,*,*
Elementary,15,*,*,*,*,*,*,*,*
Elementary,15,*,*,*,*,*,*,*,*
Junior High-Intermediate-Middle,15,*,*,*,*,*,9,*,*
Elementary,15,*,*,*,*,*,*,*,*
Elementary,15,*,*,*,*,*,*,*,*
Elementary,15,*,*,*,*,*,*,*,*
Elementary,15,*,*,*,*,*,*,*,*
Elementary,15,*,*,*,*,*,*,*,*
Elementary,15,*,*,*,*,*,*,*,*
Elementary,15,*,*,*,*,*,*,*,*
Elementary,15,*,*,*,*,10,*,*,*
Elementary,15,*,*,*,*,*,*,*,*
High school,15,*,7,*,*,*,49,24,*
Secondary School,15,7,15,*,*,55,83,7,*
Junior High-Intermediate-Middle,15,*,*,*,*,10,9,10,*
Junior High-Intermediate-Middle,15,*,*,*,*,*,*,*,*
Central-HQ-Citywide,15,*,*,*,*,*,*,*,*
Junior High-Intermediate-Middle,15,*,*,*,*,*,6,*,*
Secondary School,15,7,*,*,*,36,6,16,*
High school,15,*,*,*,*,*,24,*,*
High school,15,*,*,*,*,*,8,*,*
Secondary School,15,*,*,*,*,18,26,*,*
Secondary School,15,*,*,*,*,*,21,8,*
Elementary,15,*,*,*,*,*,*,*,*
High school,15,*,*,*,*,*,*,27,*
High school,15,*,*,*,*,*,*,*,*
High school,15,*,*,*,*,*,*,6,*
High school,15,*,6,*,*,*,58,10,*
High school,15,*,*,*,*,*,82,12,*
Elementary,15,*,*,*,*,*,*,*,*
High school,15,*,*,*,*,8,7,*,*
High school,15,*,*,*,*,6,12,7,*
District Pre-K Center,15,*,*,*,*,*,*,*,*
Junior High-Intermediate-Middle,15,*,*,*,*,*,64,7,*
Early Childhood,15,*,*,*,*,*,*,*,*
Junior High-Intermediate-Middle,15,*,*,*,*,*,*,*,*
District Pre-K Center,15,*,*,*,*,*,*,*,*
Elementary,16,*,*,*,*,*,*,*,*
Elementary,16,*,*,*,*,*,*,*,*
Elementary,16,*,*,*,*,*,*,*,*
Elementary,16,*,*,*,*,*,*,*,*
Elementary,16,*,*,*,*,*,*,*,*
Junior High-Intermediate-Middle,16,*,*,*,*,*,*,*,*
Elementary,16,*,*,*,*,*,*,*,*
Junior High-Intermediate-Middle,16,*,*,*,*,*,*,*,*
Elementary,16,*,*,*,*,*,*,*,*
Elementary,16,*,*,*,*,*,*,*,*
K-8,16,*,*,*,*,*,6,7,*
Junior High-Intermediate-Middle,16,*,13,*,*,*,23,10,*
K-8,16,*,*,6,*,*,*,27,*
Elementary,16,*,*,*,*,*,*,*,*
Elementary,16,*,*,*,*,11,*,*,*
Junior High-Intermediate-Middle,16,*,*,*,*,*,*,8,*
High school,16,*,*,*,*,*,*,*,*
Central-HQ-Citywide,16,*,*,*,*,*,*,*,*
High school,16,*,*,*,*,*,27,14,*
High school,16,*,14,*,*,*,84,33,*
Junior High-Intermediate-Middle,16,*,*,*,*,*,*,*,*
Junior High-Intermediate-Middle,16,*,*,*,*,*,*,*,*
High school,16,*,*,*,*,*,6,10,*
Elementary,16,*,*,*,*,*,*,*,*
Elementary,16,*,*,*,*,*,*,*,*
Elementary,16,*,*,*,*,*,*,*,*
High school,16,*,*,*,*,*,*,6,*
Junior High-Intermediate-Middle,16,*,*,*,*,*,*,*,*
High school,16,*,*,*,*,*,27,8,*
High school,16,*,*,*,*,*,17,16,*
High school,16,*,*,*,*,*,*,*,*
Junior High-Intermediate-Middle,17,*,*,*,*,*,*,*,*
Elementary,17,*,*,*,*,*,*,*,*
Elementary,17,*,*,*,*,*,*,*,*
Junior High-Intermediate-Middle,17,*,*,*,*,6,*,30,*
Elementary,17,*,*,*,*,19,7,*,*
Elementary,17,*,*,*,*,*,*,*,*
High school,17,*,*,*,*,*,*,15,*
K-8,17,*,6,6,*,*,7,6,*
Elementary,17,*,*,*,*,*,*,6,*
Elementary,17,*,*,*,*,*,*,*,*
K-8,17,*,*,*,*,16,17,16,*
K-8,17,*,*,*,*,*,*,*,*
Elementary,17,*,*,*,*,*,*,*,*
Elementary,17,*,*,*,*,*,*,*,*
Elementary,17,*,*,*,*,*,*,*,*
Junior High-Intermediate-Middle,17,*,*,*,*,*,9,23,*
Elementary,17,*,*,*,*,*,*,*,*
Elementary,17,*,*,*,*,*,*,*,*
Elementary,17,*,*,*,*,*,*,*,*
Junior High-Intermediate-Middle,17,*,*,*,*,*,*,7,*
Junior High-Intermediate-Middle,17,*,*,*,*,*,8,*,*
Junior High-Intermediate-Middle,17,*,*,*,*,18,*,*,*
Junior High-Intermediate-Middle,17,*,*,*,*,*,*,*,*
Junior High-Intermediate-Middle,17,*,*,*,*,*,*,8,*
Elementary,17,*,*,*,*,*,*,*,*
Secondary School,17,*,10,*,*,34,94,16,*
K-8,17,*,*,*,*,7,*,*,*
Elementary,17,*,*,*,*,*,*,*,*
Elementary,17,*,*,*,*,*,*,*,*
Elementary,17,*,*,*,*,*,*,*,*
High school,17,*,6,*,*,*,35,*,*
Central-HQ-Citywide,17,*,*,*,*,*,*,*,*
High school,17,*,*,*,*,*,*,*,*
Junior High-Intermediate-Middle,17,*,8,*,*,*,7,*,*
High school,17,*,*,*,*,18,9,*,*
High school,17,*,*,*,*,*,*,*,*
High school,17,*,*,*,*,*,11,10,*
Secondary School,17,*,*,*,*,7,9,*,*
Elementary,17,*,*,*,*,*,*,*,*
Secondary School,17,*,*,*,*,*,*,*,*
High school,17,*,*,*,*,14,29,16,*
High school,17,*,*,*,*,*,46,18,*
Secondary School,17,*,*,*,*,*,13,*,*
High school,17,*,*,*,*,*,16,*,*
High school,17,*,*,*,*,*,66,21,*
High school,17,19,24,*,*,80,116,17,*
High school,17,*,*,*,*,*,49,6,*
Secondary School,17,*,*,*,*,*,26,7,*
High school,17,*,11,*,*,28,63,13,*
Elementary,17,6,*,*,*,31,*,*,*
Junior High-Intermediate-Middle,17,*,*,*,*,16,8,9,*
High school,17,*,*,*,*,*,*,*,*
High school,17,*,*,*,*,6,33,*,*
Elementary,17,*,*,*,*,7,*,*,*
K-8,18,*,*,*,*,*,15,*,*
Junior High-Intermediate-Middle,18,*,*,*,*,22,26,10,*
Elementary,18,*,*,*,*,8,*,6,*
Elementary,18,*,*,*,*,*,*,*,*
Elementary,18,*,*,*,*,16,10,*,*
Elementary,18,*,*,*,*,*,*,*,*
Junior High-Intermediate-Middle,18,*,*,*,*,*,*,*,*
Elementary,18,*,*,*,*,*,*,*,*
Elementary,18,*,*,*,*,9,*,*,*
K-8,18,*,*,*,*,8,*,*,*
Elementary,18,*,*,*,*,*,8,*,*
Elementary,18,*,*,*,*,*,*,*,*
Elementary,18,*,*,*,*,6,8,*,*
Elementary,18,8,*,*,*,19,*,*,*
Elementary,18,*,*,*,*,16,*,*,*
Junior High-Intermediate-Middle,18,14,*,*,*,73,22,20,*
Junior High-Intermediate-Middle,18,*,*,*,*,*,*,*,*
Central-HQ-Citywide,18,*,*,*,*,*,*,*,*
High school,18,*,*,*,*,*,34,10,*
High school,18,*,*,*,*,*,22,*,*
High school,18,*,*,*,*,7,51,17,*
High school,18,*,7,*,*,22,52,6,*
High school,18,*,*,*,*,*,10,6,*
High school,18,*,*,*,*,*,*,*,*
Junior High-Intermediate-Middle,18,*,*,*,*,*,*,*,*
Junior High-Intermediate-Middle,18,23,*,*,*,64,15,7,*
High school,18,*,*,*,*,*,28,11,*
Junior High-Intermediate-Middle,18,*,*,*,*,*,*,8,*
High school,18,*,12,*,*,*,51,13,*
High school,18,*,*,*,*,*,*,*,*
High school,18,*,*,*,*,*,75,6,*
High school,18,*,*,*,*,*,12,*,*
High school,18,*,*,*,*,*,22,6,*
High school,18,*,*,*,*,25,58,38,*
High school,18,*,*,*,*,*,23,11,*
Junior High-Intermediate-Middle,18,*,*,*,*,*,*,*,*
High school,18,*,*,*,*,*,*,*,*
Elementary,19,*,*,*,*,23,*,6,*
Elementary,19,*,*,*,*,*,*,*,*
Elementary,19,*,*,*,*,*,*,*,*
K-8,19,*,*,*,*,35,11,*,*
Elementary,19,*,*,*,*,*,*,*,*
Elementary,19,*,*,*,*,*,*,*,*
Elementary,19,*,*,*,*,6,*,*,*
Elementary,19,10,*,*,*,55,6,*,*
Junior High-Intermediate-Middle,19,*,9,*,*,*,42,22,*
K-8,19,*,*,*,*,*,*,*,*
Elementary,19,*,*,*,*,*,*,*,*
Elementary,19,*,*,*,*,*,*,*,*
Elementary,19,*,*,*,*,10,*,*,*
Elementary,19,*,*,*,*,*,18,6,*
Junior High-Intermediate-Middle,19,*,*,*,*,*,12,13,*
Elementary,19,*,*,*,*,*,15,*,*
Elementary,19,*,*,*,*,*,*,*,*
Elementary,19,*,*,*,*,*,*,*,*
Junior High-Intermediate-Middle,19,*,*,19,*,*,11,21,*
K-8,19,*,*,*,*,*,14,22,*
Junior High-Intermediate-Middle,19,*,*,*,*,*,*,14,*
Elementary,19,*,*,*,*,*,*,*,*
Elementary,19,*,*,*,*,*,*,*,*
Elementary,19,*,*,*,*,*,*,*,*
Elementary,19,*,*,*,*,*,12,*,*
Junior High-Intermediate-Middle,19,*,*,*,*,*,7,10,*
Secondary School,19,*,8,*,*,*,68,29,*
Secondary School,19,*,10,*,*,13,30,*,*
Secondary School,19,*,*,*,*,*,43,10,*
High school,19,*,*,*,*,*,*,*,*
Central-HQ-Citywide,19,*,*,*,*,*,*,*,*
Junior High-Intermediate-Middle,19,*,*,*,*,*,13,*,*
High school,19,*,*,*,*,*,*,*,*
High school,19,*,*,*,*,*,37,22,*
High school,19,*,*,*,*,*,17,17,*
High school,19,*,*,*,*,*,31,9,*
High school,19,*,*,*,*,*,15,11,*
Elementary,19,*,*,*,*,*,*,*,*
High school,19,*,*,*,*,*,16,*,*
High school,19,*,*,*,*,*,38,8,*
High school,19,*,*,*,*,*,23,*,*
High school,19,*,*,*,*,8,8,20,*
Junior High-Intermediate-Middle,19,*,*,*,*,*,6,14,*
High school,19,*,*,*,*,*,17,*,*
High school,19,*,*,*,*,*,7,13,*
Junior High-Intermediate-Middle,19,*,*,*,*,14,11,8,*
Junior High-Intermediate-Middle,19,*,*,8,*,*,*,*,*
Junior High-Intermediate-Middle,19,*,*,*,*,10,*,7,*
Elementary,19,*,*,*,*,14,6,12,*
Junior High-Intermediate-Middle,19,*,*,*,*,16,*,*,*
High school,19,*,10,*,*,*,20,19,*
Junior High-Intermediate-Middle,19,*,*,*,*,*,*,*,*
High school,19,*,*,*,*,*,20,*,*
K-8,20,*,*,*,*,*,47,*,*
Elementary,20,*,*,*,*,24,*,*,*
Junior High-Intermediate-Middle,20,*,*,*,*,*,41,13,*
Elementary,20,*,*,*,*,*,*,*,*
Elementary,20,*,*,*,*,*,*,*,*
K-8,20,*,*,*,*,*,16,*,*
Elementary,20,*,*,*,*,*,7,*,*
Elementary,20,*,*,*,*,*,*,*,*
Elementary,20,*,*,*,*,*,*,*,*
Elementary,20,*,*,*,*,*,*,*,*
K-8,20,*,*,*,*,*,*,*,*
Elementary,20,*,*,*,*,*,*,*,*
Elementary,20,*,*,*,*,7,8,*,*
Elementary,20,*,*,*,*,*,*,*,*
Elementary,20,*,*,*,*,*,*,*,*
K-8,20,*,*,*,*,21,125,17,*
Elementary,20,*,*,*,*,*,*,*,*
Elementary,20,*,*,*,*,7,7,*,*
Junior High-Intermediate-Middle,20,*,*,*,*,*,*,*,*
K-8,20,*,*,*,*,*,18,*,*
Elementary,20,*,*,*,*,31,11,*,*
Junior High-Intermediate-Middle,20,*,*,*,*,7,37,*,*
Elementary,20,*,*,*,*,*,*,*,*
Elementary,20,*,*,*,*,*,*,*,*
Junior High-Intermediate-Middle,20,*,*,*,*,*,12,7,*
Junior High-Intermediate-Middle,20,*,*,*,*,*,53,13,*
Junior High-Intermediate-Middle,20,*,6,*,*,*,76,17,*
K-8,20,*,*,*,*,*,*,*,*
Elementary,20,*,*,*,*,*,*,*,*
Junior High-Intermediate-Middle,20,*,*,*,*,*,72,9,*
Elementary,20,*,*,*,*,*,*,*,*
Elementary,20,*,*,*,*,*,*,*,*
Central-HQ-Citywide,20,*,*,*,*,*,*,*,*
High school,20,*,*,*,*,155,31,20,*
High school,20,*,*,*,*,*,19,*,*
High school,20,*,*,*,*,*,110,23,*
Elementary,20,*,*,*,*,*,*,*,*
High school,20,*,15,*,*,7,117,41,*
Elementary,20,*,*,*,*,*,10,*,*
Secondary School,20,10,6,*,*,30,17,*,*
High school,20,*,*,*,*,*,*,*,*
Elementary,20,*,*,*,*,*,*,*,*
K-8,20,*,*,*,*,*,*,*,*
Elementary,20,*,*,*,*,*,*,*,*
District Pre-K Center,20,*,*,*,*,*,*,*,*
Ungraded,20,*,*,*,*,*,*,*,*
Ungraded,20,*,*,*,*,*,*,*,*
Elementary,20,*,*,*,*,*,*,*,*
Elementary,21,10,*,*,*,50,9,*,*
K-8,21,*,*,*,*,8,10,*,*
Junior High-Intermediate-Middle,21,*,*,*,*,*,26,22,*
Elementary,21,*,*,*,*,*,*,*,*
Junior High-Intermediate-Middle,21,*,*,*,*,*,27,*,*
K-8,21,*,11,*,*,*,42,8,*
Elementary,21,*,*,*,*,7,7,*,*
Elementary,21,*,*,*,*,*,*,*,*
K-8,21,*,*,*,*,*,*,*,*
Elementary,21,*,*,*,*,*,*,*,*
Elementary,21,*,*,*,*,41,*,*,*
Elementary,21,*,*,*,*,*,*,*,*
Elementary,21,*,*,*,*,8,9,12,*
Elementary,21,*,*,*,*,*,*,*,*
K-8,21,*,*,*,*,*,*,*,*
Elementary,21,*,*,*,*,12,*,*,*
Elementary,21,*,*,*,*,12,*,*,*
Elementary,21,*,*,*,*,*,*,*,*
K-8,21,*,*,*,*,*,*,*,*
K-8,21,*,*,*,*,*,*,*,*
Junior High-Intermediate-Middle,21,*,*,*,*,*,70,18,*
K-8,21,*,*,*,*,*,*,*,*
Junior High-Intermediate-Middle,21,*,*,*,*,*,6,*,*
Elementary,21,*,*,*,*,*,*,*,*
Junior High-Intermediate-Middle,21,6,*,*,*,62,41,15,*
K-8,21,*,*,*,*,11,*,9,*
Junior High-Intermediate-Middle,21,*,*,*,*,6,*,6,*
Elementary,21,*,*,*,*,9,*,6,*
High school,21,*,*,*,*,*,17,*,*
High school,21,*,*,*,*,6,39,18,*
High school,21,*,*,*,*,*,34,18,*
High school,21,*,12,7,*,*,158,32,*
High school,21,*,*,*,*,*,*,*,*
Central-HQ-Citywide,21,*,*,*,*,*,*,*,*
Secondary School,21,*,*,*,*,*,*,*,*
High school,21,*,*,*,*,6,72,24,*
High school,21,*,*,6,*,*,91,16,*
High school,21,*,*,*,*,*,25,*,*
High school,21,*,*,*,*,*,19,*,*
High school,21,*,17,*,*,*,111,27,*
Secondary School,21,*,*,*,*,6,63,13,*
High school,21,*,*,*,*,*,*,*,*
District Pre-K Center,21,*,*,*,*,*,*,*,*
Junior High-Intermediate-Middle,22,*,*,*,*,*,13,10,*
Elementary,22,*,*,*,*,43,*,*,*
Junior High-Intermediate-Middle,22,*,*,*,*,12,17,7,*
K-8,22,*,*,*,*,*,*,*,*
Elementary,22,*,*,*,*,*,*,*,*
Elementary,22,*,*,*,*,*,*,*,*
Elementary,22,*,*,*,*,38,20,18,*
Elementary,22,9,*,*,*,24,*,*,*
Elementary,22,*,*,*,*,*,18,6,*
Elementary,22,*,*,*,*,9,*,*,*
Elementary,22,*,*,*,*,*,*,*,*
Elementary,22,*,*,*,*,*,*,*,*
Elementary,22,*,*,*,*,*,*,*,*
Elementary,22,*,*,*,*,27,*,*,*
K-8,22,*,*,*,*,10,*,*,*
K-8,22,*,*,*,*,84,27,*,*
Elementary,22,*,*,*,*,*,*,*,*
Elementary,22,*,*,*,*,*,*,*,*
Junior High-Intermediate-Middle,22,*,*,*,*,18,96,*,*
Elementary,22,*,*,*,*,*,*,*,*
Junior High-Intermediate-Middle,22,12,*,*,*,46,13,9,*
Elementary,22,*,*,*,*,*,*,*,*
Elementary,22,16,*,*,*,24,*,*,*
Elementary,22,*,*,*,*,*,*,*,*
Elementary,22,*,*,*,*,8,*,*,*
Elementary,22,*,*,*,*,23,6,10,*
Elementary,22,*,*,*,*,*,*,*,*
Junior High-Intermediate-Middle,22,*,*,*,*,46,38,17,*
Elementary,22,*,*,*,*,*,*,*,*
Elementary,22,8,*,*,*,26,*,*,*
Early Childhood,22,*,*,*,*,*,*,*,*
Early Childhood,22,*,*,*,*,*,*,*,*
Junior High-Intermediate-Middle,22,*,*,*,*,*,6,8,*
High school,22,*,*,*,*,31,69,13,*
High school,22,*,*,*,*,*,48,19,*
Central-HQ-Citywide,22,*,*,*,*,*,*,*,*
High school,22,*,*,*,*,*,*,*,*
High school,22,*,*,*,*,*,*,*,*
High school,22,*,*,*,*,*,6,*,*
High school,22,*,*,*,*,15,34,*,*
High school,22,*,*,*,*,*,14,*,*
District Pre-K Center,22,*,*,*,*,*,*,*,*
K-8,23,*,*,*,*,*,*,6,*
K-8,23,*,*,*,*,*,*,*,*
K-8,23,*,*,*,*,*,*,11,*
Elementary,23,*,*,*,*,*,*,*,*
K-8,23,6,*,*,*,*,*,*,*
Elementary,23,*,*,*,*,6,*,*,*
K-8,23,*,*,*,*,*,*,8,*
K-8,23,*,*,6,*,*,*,*,*
K-8,23,*,*,*,*,7,*,*,*
K-8,23,*,*,*,*,11,8,22,*
Elementary,23,*,*,*,*,*,*,*,*
K-8,23,*,*,*,*,*,*,*,*
K-8,23,*,*,*,*,*,*,25,*
Junior High-Intermediate-Middle,23,*,*,*,*,*,*,*,*
Junior High-Intermediate-Middle,23,*,*,*,*,*,*,*,*
Elementary,23,*,*,*,*,*,*,*,*
Central-HQ-Citywide,23,*,*,*,*,*,*,*,*
Elementary,23,*,*,*,*,*,*,*,*
High school,23,*,*,*,*,*,27,11,*
High school,23,*,*,*,*,*,13,*,*
Junior High-Intermediate-Middle,23,*,*,*,*,12,6,*,*
Junior High-Intermediate-Middle,23,*,*,*,*,*,*,7,*
Elementary,23,*,*,*,*,7,*,*,*
High school,23,*,*,*,*,*,*,*,*
Secondary School,23,*,*,*,*,*,*,*,*
High school,23,*,*,*,*,*,*,*,*
High school,23,*,*,*,*,*,*,8,*
Junior High-Intermediate-Middle,23,*,*,*,*,*,*,*,*
Junior High-Intermediate-Middle,23,*,*,*,*,*,*,7,*
Junior High-Intermediate-Middle,23,*,*,*,*,*,7,9,*
Secondary School,23,*,6,*,*,12,30,11,*
Junior High-Intermediate-Middle,24,*,27,*,*,9,114,*,*
Elementary,24,*,*,*,*,*,*,*,*
Elementary,24,*,*,*,*,*,*,*,*
Elementary,24,*,*,*,*,*,*,*,*
Elementary,24,*,*,*,*,*,*,*,*
Elementary,24,*,*,*,*,*,*,*,*
Elementary,24,*,*,*,*,*,*,*,*
Early Childhood,24,*,*,*,*,*,*,*,*
K-8,24,*,*,*,*,13,*,*,*
Elementary,24,*,*,*,*,*,6,*,*
Junior High-Intermediate-Middle,24,*,12,*,*,9,189,26,*
Elementary,24,*,*,*,*,*,*,*,*
Elementary,24,*,*,*,*,*,*,*,*
Junior High-Intermediate-Middle,24,7,*,*,*,166,96,25,*
Junior High-Intermediate-Middle,24,15,10,*,*,60,23,10,*
Elementary,24,*,*,*,*,*,*,*,*
K-8,24,*,*,*,*,8,23,*,*
Elementary,24,*,*,*,*,17,31,*,*
Elementary,24,*,*,*,*,*,*,*,*
Elementary,24,*,*,*,*,*,6,*,*
Junior High-Intermediate-Middle,24,*,*,*,*,120,42,7,*
K-8,24,*,*,*,*,11,6,*,*
Elementary,24,*,*,*,*,*,*,*,*
K-8,24,*,*,*,*,*,13,*,*
K-8,24,*,*,*,*,*,33,9,*
Junior High-Intermediate-Middle,24,*,8,*,*,*,140,22,*
K-8,24,*,*,*,*,*,*,*,*
Elementary,24,*,*,*,*,*,*,*,*
Elementary,24,*,*,*,*,*,*,*,*
Elementary,24,*,*,*,*,*,8,*,*
Elementary,24,*,*,*,*,*,*,*,*
Elementary,24,*,*,*,*,*,8,*,*
High school,24,*,*,*,*,*,*,*,*
Elementary,24,*,*,*,*,*,8,*,*
High school,24,*,*,*,*,*,*,*,*
High school,24,*,*,*,*,*,*,*,*
Elementary,24,*,*,*,*,*,*,*,*
High school,24,*,*,*,*,*,14,*,*
High school,24,*,*,*,*,*,20,*,*
High school,24,*,*,*,*,*,*,*,*
Elementary,24,*,*,*,*,*,*,*,*
Elementary,24,*,*,*,*,*,*,*,*
Junior High-Intermediate-Middle,24,*,*,*,*,*,*,*,*
Elementary,24,*,*,*,*,*,*,*,*
District Pre-K Center,24,*,*,*,*,*,*,*,*
Elementary,24,*,*,*,*,*,*,*,*
Central-HQ-Citywide,24,*,*,*,*,*,*,*,*
High school,24,*,*,*,*,8,19,13,*
High school,24,*,*,*,*,*,*,*,*
High school,24,*,8,7,*,*,110,40,*
High school,24,*,*,*,*,*,*,*,*
High school,24,*,*,*,*,*,8,*,*
High school,24,*,*,*,*,*,*,*,*
Secondary School,24,*,*,*,*,*,*,*,*
High school,24,*,*,*,*,*,*,*,*
High school,24,*,*,*,*,*,51,13,*
High school,24,*,*,*,*,*,17,*,*
High school,24,*,*,*,*,*,*,*,*
Elementary,24,*,*,*,*,*,*,*,*
Elementary,25,*,*,*,*,21,*,*,*
Elementary,25,14,*,*,*,60,13,*,*
Elementary,25,*,*,*,*,*,*,*,*
Elementary,25,*,*,*,*,*,6,*,*
Junior High-Intermediate-Middle,25,*,*,*,*,*,10,*,*
Elementary,25,*,*,*,*,8,*,*,*
Elementary,25,*,*,*,*,*,*,*,*
Elementary,25,*,*,*,*,10,*,*,*
Elementary,25,*,*,*,*,*,*,*,*
Elementary,25,*,*,*,*,*,*,*,*
Elementary,25,*,*,*,*,*,*,*,*
Elementary,25,*,*,*,*,*,*,*,*
Elementary,25,*,*,*,*,*,*,*,*
Elementary,25,*,*,*,*,*,*,*,*
K-8,25,*,*,*,*,11,*,*,*
Elementary,25,7,*,*,*,22,6,7,*
Elementary,25,*,*,*,*,*,*,*,*
Elementary,25,*,*,*,*,*,*,*,*
Junior High-Intermediate-Middle,25,*,6,*,*,10,24,10,*
Junior High-Intermediate-Middle,25,*,*,*,*,*,*,*,*
Elementary,25,*,*,*,*,*,*,*,*
Junior High-Intermediate-Middle,25,*,*,*,*,35,78,12,*
K-8,25,*,*,*,*,*,11,*,*
Elementary,25,*,*,*,*,*,*,*,*
Elementary,25,*,*,*,*,*,*,*,*
Elementary,25,*,*,*,*,*,*,*,*
K-8,25,*,*,*,*,14,18,*,*
Junior High-Intermediate-Middle,25,*,*,*,*,*,11,22,*
High school,25,*,*,*,*,*,41,7,*
High school,25,*,*,*,*,*,7,*,*
Elementary,25,*,*,*,*,*,*,*,*
Elementary,25,*,*,*,*,*,*,*,*
Junior High-Intermediate-Middle,25,*,7,*,*,*,64,11,*
Secondary School,25,*,*,*,*,*,*,*,*
High school,25,*,*,*,*,*,*,*,*
Secondary School,25,*,*,*,*,*,19,7,*
Secondary School,25,*,*,*,*,*,*,6,*
Junior High-Intermediate-Middle,25,*,*,*,*,*,9,*,*
District Pre-K Center,25,*,*,*,*,*,*,*,*
High school,25,*,10,7,*,*,197,102,*
Central-HQ-Citywide,25,*,*,*,*,*,*,*,*
High school,25,*,6,*,*,26,77,12,*
High school,25,*,*,*,*,*,*,*,*
K-8,25,*,*,*,*,*,*,*,*
High school,25,*,*,*,*,*,*,*,*
High school,25,*,*,*,*,*,*,*,*
High school,25,*,*,*,*,*,9,16,*
High school,25,*,*,*,*,*,*,*,*
Ungraded,25,*,*,*,*,*,*,*,*
Elementary,26,*,*,*,*,*,*,*,*
Elementary,26,*,*,*,*,*,*,*,*
Elementary,26,*,*,*,*,*,*,*,*
Elementary,26,*,*,*,*,*,*,*,*
Elementary,26,*,*,*,*,*,*,*,*
Junior High-Intermediate-Middle,26,*,*,*,*,*,*,*,*
Junior High-Intermediate-Middle,26,*,*,*,*,*,*,*,*
Elementary,26,*,*,*,*,*,*,*,*
Elementary,26,*,*,*,*,*,*,*,*
Elementary,26,*,*,*,*,*,*,*,*
Elementary,26,*,*,*,*,*,*,*,*
Junior High-Intermediate-Middle,26,*,*,*,*,*,*,*,*
Elementary,26,*,*,*,*,*,*,*,*
Elementary,26,*,*,*,*,10,9,*,*
Junior High-Intermediate-Middle,26,*,*,*,*,*,28,11,*
Elementary,26,*,*,*,*,*,*,*,*
K-8,26,*,*,*,*,10,9,*,*
Elementary,26,*,*,*,*,*,*,*,*
Elementary,26,*,*,*,*,*,*,*,*
Elementary,26,*,*,*,*,*,*,*,*
Elementary,26,*,*,*,*,*,*,*,*
Elementary,26,*,*,*,*,*,*,*,*
Elementary,26,*,*,*,*,*,*,*,*
Junior High-Intermediate-Middle,26,*,*,*,*,*,49,9,*
Elementary,26,*,*,*,*,*,*,*,*
K-8,26,*,*,*,*,13,*,*,*
High school,26,*,*,*,*,*,26,12,*
High school,26,*,13,*,*,32,224,40,*
High school,26,*,*,*,*,*,93,20,*
High school,26,*,*,*,*,11,76,31,*
Central-HQ-Citywide,26,*,*,*,*,*,*,*,*
High school,26,*,*,*,*,*,41,24,*
High school,26,*,*,*,*,*,183,8,*
K-8,27,*,*,6,*,12,6,27,*
K-8,27,*,*,21,*,7,*,32,*
Elementary,27,*,*,*,*,*,*,*,*
K-8,27,*,*,*,*,*,*,*,*
Early Childhood,27,*,*,*,*,*,*,*,*
Junior High-Intermediate-Middle,27,*,*,*,*,*,11,12,*
Elementary,27,*,*,*,*,*,8,*,*
Elementary,27,*,*,*,*,*,*,*,*
Elementary,27,*,*,*,*,*,*,*,*
Elementary,27,*,*,*,*,*,*,*,*
Elementary,27,*,*,*,*,*,*,*,*
Elementary,27,*,*,*,*,*,*,*,*
Elementary,27,*,*,*,*,*,*,*,*
Elementary,27,*,*,*,*,7,*,*,*
Elementary,27,*,*,*,*,*,*,*,*
Elementary,27,*,*,*,*,*,*,*,*
Elementary,27,*,*,*,*,*,*,*,*
Elementary,27,*,*,*,*,*,*,*,*
K-8,27,9,*,*,*,61,26,28,*
Elementary,27,*,*,*,*,*,*,*,*
Elementary,27,*,*,*,*,12,*,*,*
K-8,27,*,*,*,*,*,16,*,*
Elementary,27,*,*,*,*,9,*,*,*
K-8,27,*,*,*,*,*,13,9,*
Junior High-Intermediate-Middle,27,*,*,*,*,*,135,14,*
K-8,27,*,*,*,*,*,*,*,*
Elementary,27,*,*,*,*,*,*,*,*
K-8,27,16,*,10,*,89,14,22,*
Elementary,27,*,*,*,*,14,*,*,*
Junior High-Intermediate-Middle,27,*,*,*,*,8,13,17,*
K-8,27,*,*,*,*,7,8,*,*
Junior High-Intermediate-Middle,27,*,*,*,*,*,22,28,*
Elementary,27,*,*,*,*,*,*,*,*
Junior High-Intermediate-Middle,27,*,*,*,*,*,8,16,*
K-8,27,*,*,*,*,*,8,*,*
Elementary,27,*,*,*,*,*,*,*,*
Elementary,27,*,*,*,*,7,*,*,*
High school,27,*,*,*,*,*,106,31,*
High school,27,*,*,*,*,*,6,*,*
Secondary School,27,*,*,*,*,6,19,*,*
Elementary,27,*,*,*,*,*,*,*,*
Junior High-Intermediate-Middle,27,*,*,*,*,6,*,*,*
Junior High-Intermediate-Middle,27,*,*,*,*,*,18,7,*
High school,27,*,*,*,*,*,52,11,*
Elementary,27,*,*,*,*,8,*,*,*
High school,27,*,*,*,*,*,38,11,*
Secondary School,27,*,*,*,*,14,45,6,*
High school,27,*,*,*,*,*,11,*,*
Elementary,27,*,*,*,*,*,*,*,*
Elementary,27,*,*,*,*,*,*,*,*
Junior High-Intermediate-Middle,27,*,*,*,*,*,18,24,*
Junior High-Intermediate-Middle,27,*,*,*,*,*,*,22,*
Secondary School,27,*,*,*,*,*,*,*,*
High school,27,*,*,*,*,*,44,18,*
K-8,27,*,*,*,*,20,*,*,*
High school,27,*,*,*,*,*,*,*,*
District Pre-K Center,27,*,*,*,*,*,*,*,*
High school,27,*,*,*,*,*,116,19,*
Elementary,27,*,*,*,*,24,*,*,*
High school,27,*,12,*,*,*,81,15,*
Central-HQ-Citywide,27,*,*,*,*,*,*,*,*
High school,27,*,*,*,*,*,24,21,*
High school,27,*,11,*,*,*,58,20,*
High school,27,*,*,*,*,*,*,*,*
High school,27,*,*,*,*,*,*,*,*
Ungraded,27,*,*,*,*,*,*,*,*
Junior High-Intermediate-Middle,28,*,*,6,*,*,18,11,*
Elementary,28,*,*,*,*,*,*,*,*
Elementary,28,*,*,*,*,*,*,*,*
Elementary,28,*,*,*,*,*,*,*,*
Elementary,28,*,*,*,*,*,*,*,*
Elementary,28,*,*,*,*,*,*,*,*
Junior High-Intermediate-Middle,28,*,*,6,*,*,*,34,*
Elementary,28,*,*,*,*,*,*,11,*
Elementary,28,*,*,*,*,*,*,*,*
Elementary,28,*,*,*,*,7,7,*,*
Elementary,28,*,*,*,*,*,*,*,*
Elementary,28,*,*,*,*,*,*,*,*
Elementary,28,*,*,*,*,6,*,*,*
Elementary,28,*,*,*,*,13,*,*,*
Elementary,28,*,*,*,*,*,*,*,*
Elementary,28,*,*,*,*,*,*,*,*
Elementary,28,*,*,*,*,*,*,*,*
Junior High-Intermediate-Middle,28,*,*,*,*,6,24,7,*
Elementary,28,*,*,*,*,*,*,*,*
Elementary,28,*,*,*,*,*,*,*,*
Secondary School,28,*,*,*,*,*,26,9,*
Elementary,28,*,*,*,*,*,*,*,*
Elementary,28,*,*,*,*,*,*,*,*
Elementary,28,*,*,*,*,16,*,*,*
Junior High-Intermediate-Middle,28,*,*,*,*,6,90,48,*
Elementary,28,*,*,*,*,*,*,*,*
Elementary,28,*,*,*,*,9,*,*,*
Junior High-Intermediate-Middle,28,*,*,*,*,*,55,17,*
Elementary,28,*,*,*,*,*,*,*,*
Secondary School,28,*,*,*,*,29,11,9,*
Junior High-Intermediate-Middle,28,*,10,*,*,18,30,11,*
Elementary,28,*,*,*,*,*,*,*,*
Secondary School,28,*,*,*,*,10,79,14,*
Elementary,28,*,*,*,*,*,*,*,*
High school,28,*,*,*,*,*,*,*,*
High school,28,*,*,*,*,*,*,*,*
Junior High-Intermediate-Middle,28,*,*,*,*,*,8,*,*
District Pre-K Center,28,*,*,*,*,*,*,*,*
High school,28,*,*,*,*,*,*,*,*
Elementary,28,*,*,*,*,*,*,*,*
High school,28,*,*,*,*,*,19,*,*
Elementary,28,*,*,*,*,*,*,*,*
Junior High-Intermediate-Middle,28,*,6,*,*,*,17,*,*
High school,28,*,*,*,*,6,85,*,*
Central-HQ-Citywide,28,*,*,*,*,*,*,*,*
High school,28,*,*,*,*,*,*,*,*
High school,28,*,*,*,*,*,64,15,*
Secondary School,28,*,*,*,*,*,*,*,*
High school,28,*,*,*,*,14,47,10,*
High school,28,*,*,*,*,*,*,*,*
High school,28,*,*,*,*,*,32,11,*
Secondary School,28,*,*,*,*,*,8,*,*
Ungraded,28,*,*,*,*,*,*,*,*
Ungraded,28,*,*,*,*,*,*,*,*
Elementary,29,*,*,*,*,*,8,6,*
Elementary,29,*,*,*,*,*,*,*,*
Elementary,29,*,*,*,*,*,*,*,*
Elementary,29,*,*,*,*,*,*,*,*
Elementary,29,*,*,*,*,12,9,*,*
Elementary,29,*,*,*,*,6,8,*,*
Elementary,29,*,*,*,*,*,*,*,*
Elementary,29,*,*,*,*,*,*,*,*
Junior High-Intermediate-Middle,29,*,*,*,*,*,13,*,*
Elementary,29,*,*,*,*,*,*,*,*
Junior High-Intermediate-Middle,29,*,*,7,*,*,12,17,*
K-8,29,*,*,*,*,10,10,*,*
Elementary,29,*,*,*,*,9,*,6,*
Elementary,29,*,*,*,*,*,*,*,*
Elementary,29,*,*,*,*,*,*,*,*
Elementary,29,*,*,*,*,*,*,*,*
Elementary,29,*,*,*,*,43,10,*,*
Elementary,29,*,*,*,*,*,*,*,*
K-8,29,*,*,*,*,11,*,*,*
K-8,29,*,*,*,*,*,*,14,*
Elementary,29,*,*,*,*,*,*,*,*
Elementary,29,*,*,*,*,*,*,*,*
Elementary,29,*,*,*,*,*,*,*,*
Junior High-Intermediate-Middle,29,*,*,*,*,6,8,13,*
Elementary,29,*,*,*,*,*,*,*,*
K-8,29,*,*,*,*,*,12,*,*
Junior High-Intermediate-Middle,29,*,*,9,*,*,*,43,*
High school,29,*,*,*,*,*,35,12,*
High school,29,*,*,*,*,17,70,33,*
Elementary,29,*,*,*,*,*,*,*,*
Secondary School,29,*,*,*,*,*,17,8,*
High school,29,*,*,6,*,*,59,14,*
K-8,29,*,*,*,*,*,*,*,*
K-8,29,*,*,*,*,*,13,*,*
High school,29,*,*,*,*,*,47,20,*
Secondary School,29,*,*,*,*,17,54,18,*
Junior High-Intermediate-Middle,29,*,*,*,*,*,9,*,*
K-8,29,*,*,*,*,21,10,*,*
High school,29,*,6,*,*,*,47,7,*
High school,29,*,*,*,*,21,77,16,*
Secondary School,29,*,*,*,*,*,26,23,*
Junior High-Intermediate-Middle,29,*,*,10,*,*,10,19,*
Junior High-Intermediate-Middle,29,*,*,*,*,*,6,21,*
Elementary,29,*,*,*,*,*,*,*,*
District Pre-K Center,29,*,*,*,*,*,*,*,*
Central-HQ-Citywide,29,*,*,*,*,*,*,*,*
High school,29,*,*,*,*,*,17,8,*
High school,29,*,*,*,*,*,*,*,*
High school,29,*,*,*,*,*,*,*,*
High school,29,*,*,*,*,*,51,15,*
Elementary,30,*,*,*,*,*,*,*,*
Junior High-Intermediate-Middle,30,*,15,*,*,30,92,*,*
Elementary,30,*,*,*,*,21,*,*,*
Elementary,30,*,*,*,*,*,*,*,*
Elementary,30,*,*,*,*,*,*,*,*
Elementary,30,*,*,*,*,*,*,*,*
Elementary,30,7,*,*,*,12,*,*,*
K-8,30,*,*,*,*,*,*,*,*
Elementary,30,*,*,*,*,*,*,*,*
Elementary,30,*,*,*,*,*,*,*,*
Elementary,30,*,*,*,*,*,*,*,*
K-8,30,8,*,*,*,20,*,*,*
Elementary,30,*,*,*,*,11,*,*,*
K-8,30,*,*,*,*,6,*,*,*
Junior High-Intermediate-Middle,30,6,13,*,*,57,87,19,*
K-8,30,*,*,*,*,9,31,13,*
Junior High-Intermediate-Middle,30,*,*,*,*,*,16,9,*
Junior High-Intermediate-Middle,30,*,10,*,*,35,71,8,*
Elementary,30,*,*,*,*,*,*,*,*
Elementary,30,*,*,*,*,*,*,*,*
Elementary,30,*,*,*,*,13,*,*,*
Elementary,30,*,*,*,*,6,*,*,*
Elementary,30,6,*,*,*,11,*,*,*
Elementary,30,*,*,*,*,*,7,*,*
Elementary,30,*,*,*,*,*,*,*,*
Junior High-Intermediate-Middle,30,*,*,*,*,*,*,*,*
Elementary,30,*,*,*,*,*,*,*,*
Early Childhood,30,*,*,*,*,*,*,*,*
Junior High-Intermediate-Middle,30,*,*,*,*,33,15,*,*
Early Childhood,30,*,*,*,*,*,*,*,*
Junior High-Intermediate-Middle,30,*,*,*,*,*,15,*,*
Elementary,30,*,*,*,*,*,*,*,*
Junior High-Intermediate-Middle,30,*,*,*,*,*,*,*,*
High school,30,*,*,*,*,*,13,*,*
Elementary,30,*,*,*,*,7,*,*,*
Secondary School,30,*,*,*,*,*,*,*,*
Junior High-Intermediate-Middle,30,*,*,*,*,*,22,14,*
K-8,30,*,*,*,*,8,*,*,*
High school,30,*,*,*,*,*,25,*,*
Elementary,30,*,*,*,*,*,*,*,*
Elementary,30,*,*,*,*,*,*,*,*
District Pre-K Center,30,*,*,*,*,*,*,*,*
Central-HQ-Citywide,30,*,*,*,*,*,*,*,*
High school,30,*,7,*,*,13,114,61,*
High school,30,*,*,*,*,*,*,*,*
High school,30,*,*,*,*,*,*,6,*
High school,30,*,*,*,*,9,37,17,*
High school,30,*,*,*,*,*,17,*,*
High school,30,*,*,*,*,*,17,9,*
Secondary School,30,*,*,*,*,*,*,*,*
Elementary,31,*,*,*,*,6,*,*,*
Junior High-Intermediate-Middle,31,7,*,*,*,38,48,12,*
Elementary,31,*,*,*,*,9,*,*,*
Elementary,31,*,*,*,*,*,*,*,*
Elementary,31,*,*,*,*,*,*,*,*
Elementary,31,*,*,*,*,6,*,*,*
Junior High-Intermediate-Middle,31,*,*,*,*,*,37,7,*
Elementary,31,*,*,*,*,*,*,*,*
Elementary,31,*,*,*,*,*,*,*,*
Elementary,31,*,*,*,*,*,*,*,*
Elementary,31,*,*,*,*,*,*,*,*
Elementary,31,*,*,*,*,*,*,*,*
Elementary,31,24,*,*,*,23,*,*,*
Elementary,31,9,*,*,*,42,*,*,*
Elementary,31,*,*,*,*,12,*,*,*
Elementary,31,*,*,*,*,*,*,*,*
Elementary,31,*,*,*,*,8,*,*,*
Elementary,31,10,*,*,*,56,8,*,*
Elementary,31,*,*,*,*,*,*,*,*
Junior High-Intermediate-Middle,31,*,*,*,*,65,48,*,*
Elementary,31,*,*,*,*,*,*,*,*
Junior High-Intermediate-Middle,31,*,14,9,*,*,70,64,*
Secondary School,31,*,*,*,*,*,*,*,*
Elementary,31,*,*,*,*,*,*,*,*
Elementary,31,*,*,*,*,*,8,*,*
Elementary,31,6,*,*,*,9,6,*,*
Elementary,31,*,*,*,*,*,*,*,*
Junior High-Intermediate-Middle,31,*,*,*,*,10,19,*,*
Elementary,31,*,*,*,*,*,*,*,*
Elementary,31,*,*,*,*,7,*,*,*
Elementary,31,*,*,*,*,8,*,*,*
Elementary,31,*,*,*,*,8,*,*,*
Elementary,31,*,*,*,*,6,*,*,*
Elementary,31,*,*,*,*,*,*,*,*
Elementary,31,10,*,*,*,31,13,10,*
Elementary,31,*,*,*,*,23,10,*,*
Elementary,31,*,*,*,*,*,*,*,*
High school,31,*,*,*,*,*,7,*,*
K-8,31,*,*,*,*,*,*,*,*
Junior High-Intermediate-Middle,31,*,17,6,*,*,71,64,*
Elementary,31,*,*,*,*,*,*,*,*
Junior High-Intermediate-Middle,31,*,*,*,*,*,*,*,*
Elementary,31,*,*,*,*,*,*,*,*
Elementary,31,*,*,*,*,*,*,*,*
Elementary,31,*,*,*,*,*,*,*,*
Elementary,31,*,*,*,*,*,*,*,*
Elementary,31,*,*,*,*,*,*,*,*
Elementary,31,*,*,*,*,*,12,*,*
Elementary,31,*,*,*,*,*,*,*,*
Elementary,31,*,*,*,*,*,*,*,*
Elementary,31,*,*,*,*,*,*,*,*
Junior High-Intermediate-Middle,31,29,*,*,*,142,35,27,*
Elementary,31,*,*,*,*,*,*,*,*
Junior High-Intermediate-Middle,31,*,*,*,*,*,*,*,*
High school,31,*,*,*,*,*,24,*,*
Elementary,31,*,*,*,*,*,*,*,*
District Pre-K Center,31,*,*,*,*,*,*,*,*
Elementary,31,*,*,*,*,*,*,*,*
Junior High-Intermediate-Middle,31,*,*,*,*,*,*,*,*
Elementary,31,*,*,*,*,*,7,*,*
Junior High-Intermediate-Middle,31,*,*,*,*,*,26,*,*
Elementary,31,22,*,*,*,88,9,*,*
K-12 all grades,31,*,*,*,*,*,14,*,*
High school,31,*,12,*,*,*,183,52,*
Central-HQ-Citywide,31,*,*,*,*,*,*,*,*
High school,31,*,12,*,*,6,51,15,*
High school,31,*,*,*,*,*,78,31,*
High school,31,*,8,*,*,*,309,13,*
High school,31,*,19,*,*,*,344,30,*
High school,31,*,*,*,*,*,9,*,*
High school,31,*,*,*,*,27,80,14,*
High school,31,*,*,*,*,*,*,*,*
High school,31,*,*,*,*,*,*,*,*
K-8,31,12,6,*,*,39,24,8,*
Ungraded,31,*,*,*,*,*,*,*,*
K-8,32,*,*,*,*,*,*,*,*
Elementary,32,*,*,*,*,*,*,*,*
Elementary,32,*,*,*,*,*,*,*,*
Elementary,32,*,*,*,*,*,*,*,*
Elementary,32,*,*,*,*,*,*,*,*
Elementary,32,*,*,*,*,*,6,*,*
Elementary,32,*,*,*,*,*,*,*,*
Elementary,32,*,*,*,*,*,*,*,*
Junior High-Intermediate-Middle,32,*,*,*,*,*,6,6,*
High school,32,*,*,*,*,*,*,*,*
Elementary,32,*,*,*,*,10,*,*,*
Junior High-Intermediate-Middle,32,*,*,*,*,*,*,12,*
Elementary,32,*,*,*,*,*,*,*,*
Junior High-Intermediate-Middle,32,*,*,*,*,6,11,8,*
Junior High-Intermediate-Middle,32,*,*,*,*,*,16,*,*
Elementary,32,*,*,*,*,*,*,*,*
K-8,32,*,*,*,*,*,*,6,*
Junior High-Intermediate-Middle,32,*,*,*,*,73,67,11,*
K-8,32,*,*,*,*,11,*,6,*
High school,32,*,*,*,*,7,12,18,*
Central-HQ-Citywide,32,*,*,*,*,*,*,*,*
High school,32,*,*,*,*,*,10,16,*
High school,32,*,9,8,*,*,33,27,*
High school,32,*,*,*,*,*,*,7,*
Secondary School,32,*,*,*,*,*,*,*,*
High school,32,8,28,*,*,7,52,6,*
Junior High-Intermediate-Middle,32,*,*,*,*,*,*,*,*
High school,32,*,*,*,*,*,8,*,*
Elementary,75,*,*,*,*,*,*,*,*
K-12 all grades,75,*,*,*,*,*,*,*,*
K-12 all grades,75,*,*,*,*,*,*,*,*
K-12 all grades,75,*,*,*,*,*,*,*,*
K-8,75,*,*,*,*,*,*,*,*
K-12 all grades,75,*,*,*,*,*,*,*,*
K-8,75,*,*,*,*,*,*,*,*
K-12 all grades,75,*,*,*,*,*,*,*,*
K-12 all grades,75,*,*,*,*,*,7,*,*
K-12 all grades,75,*,*,*,*,*,*,*,*
High school,75,*,*,*,*,*,26,*,*
Elementary,75,*,*,*,*,*,*,*,*
High school,75,*,*,*,*,*,*,*,*
K-8,75,*,*,*,*,*,*,*,*
Ungraded,75,*,*,*,*,*,*,*,*
Central-HQ-Citywide,97,*,*,*,*,*,*,*,*
Ungraded,75,*,*,*,*,*,*,*,*
High school,75,*,*,*,*,*,*,*,*
High school,75,*,*,*,*,*,*,6,*
K-12 all grades,75,*,*,*,*,*,*,*,*
Secondary School,75,*,*,*,*,*,*,*,*
K-12 all grades,75,*,*,*,*,*,*,12,*
Secondary School,75,*,*,*,*,*,*,*,*
K-12 all grades,75,*,*,*,*,*,*,*,*
K-12 all grades,75,*,*,*,*,*,6,*,*
K-12 all grades,75,*,*,*,*,*,*,*,*
K-12 all grades,75,*,*,*,*,*,*,*,*
K-12 all grades,75,*,*,*,*,*,*,*,*
Central-HQ-Citywide,75,*,*,*,*,*,*,*,*
K-12 all grades,75,*,*,*,*,*,*,*,*
Secondary School,75,*,*,*,*,*,*,*,*
High school,75,*,*,*,*,*,*,*,*
K-8,75,*,*,*,*,*,*,*,*
K-8,75,*,*,*,*,*,*,*,*
K-8,75,*,*,*,*,*,*,*,*
K-12 all grades,75,*,*,*,*,*,*,*,*
K-8,75,*,*,*,*,*,*,*,*
K-12 all grades,75,*,*,*,*,*,*,*,*
K-8,75,*,*,*,*,*,*,*,*
K-12 all grades,75,*,*,*,*,*,*,*,*
K-12 all grades,75,*,*,*,*,*,*,*,*
K-12 all grades,75,*,*,*,*,*,25,*,*
K-12 all grades,75,*,*,*,*,*,*,*,*
Ungraded,75,*,*,*,*,*,*,*,*
Central-HQ-Citywide,75,*,*,*,*,*,*,*,*
Ungraded,75,*,*,*,*,*,*,*,*
High school,75,*,*,*,*,*,*,*,*
High school,75,*,*,*,*,*,71,11,*
K-12 all grades,75,*,*,*,*,*,*,*,*
K-12 all grades,75,*,*,*,*,*,*,*,*
K-12 all grades,75,*,*,*,*,*,*,10,*
K-12 all grades,75,*,*,*,*,*,*,*,*
K-8,75,*,*,*,*,*,*,*,*
Ungraded,75,*,*,*,*,*,*,*,*
Central-HQ-Citywide,75,*,*,*,*,*,*,*,*
Ungraded,75,*,*,*,*,*,*,*,*
Secondary School,75,*,*,*,*,*,*,*,*
K-12 all grades,75,*,*,*,*,*,*,*,*
Secondary School,75,*,*,*,*,*,8,*,*
K-8,75,*,*,*,*,*,*,*,*
K-12 all grades,75,*,*,*,*,*,*,*,*
K-12 all grades,75,*,*,*,*,*,*,*,*
K-12 all grades,75,*,*,*,*,*,*,7,*
K-12 all grades,75,*,*,*,*,*,*,*,*
K-8,75,*,*,*,*,*,*,*,*
Ungraded,75,*,*,*,*,*,*,*,*
Central-HQ-Citywide,75,*,*,*,*,*,*,*,*
Elementary,75,*,*,*,*,*,*,*,*
Ungraded,75,*,*,*,*,*,*,*,*
High school,75,*,*,*,*,*,*,*,*
K-12 all grades,75,*,*,*,*,*,*,*,*
High school,75,*,*,*,*,*,*,9,*
Secondary School,75,*,*,*,*,*,*,*,*
High school,79,*,*,*,*,*,*,*,*
High school,79,*,*,*,*,*,*,*,*
Central-HQ-Citywide,79,*,*,*,*,*,*,*,*
Ungraded,79,*,*,*,*,*,23,*,*
Ungraded,79,*,*,*,*,*,*,*,*
High school,79,*,*,*,*,*,*,*,*
High school,79,*,*,*,*,6,35,10,*
High school,79,*,*,*,*,*,*,*,*
K-12 all grades,79,*,*,*,*,*,*,*,*
